Consumption (kwh), Estimated Cost Inc. Tax (p), Start, End
0.054,1.32, 2025-02-10T00:00:00+00:00, 2025-02-10T00:30:00+00:00
0.065,1.58, 2025-02-10T00:30:00+00:00, 2025-02-10T01:00:00+00:00
0.062,1.51, 2025-02-10T01:00:00+00:00, 2025-02-10T01:30:00+00:00
0.051,1.24, 2025-02-10T01:30:00+00:00, 2025-02-10T02:00:00+00:00
0.076,1.85, 2025-02-10T02:00:00+00:00, 2025-02-10T02:30:00+00:00
0.048,1.17, 2025-02-10T02:30:00+00:00, 2025-02-10T03:00:00+00:00
0.113,2.75, 2025-02-10T03:00:00+00:00, 2025-02-10T03:30:00+00:00
0.086,2.09, 2025-02-10T03:30:00+00:00, 2025-02-10T04:00:00+00:00
0.057,1.39, 2025-02-10T04:00:00+00:00, 2025-02-10T04:30:00+00:00
0.098,2.39, 2025-02-10T04:30:00+00:00, 2025-02-10T05:00:00+00:00
0.111,2.7, 2025-02-10T05:00:00+00:00, 2025-02-10T05:30:00+00:00
0.093,2.27, 2025-02-10T05:30:00+00:00, 2025-02-10T06:00:00+00:00
0.082,2, 2025-02-10T06:00:00+00:00, 2025-02-10T06:30:00+00:00
0.08,1.95, 2025-02-10T06:30:00+00:00, 2025-02-10T07:00:00+00:00
0.083,2.02, 2025-02-10T07:00:00+00:00, 2025-02-10T07:30:00+00:00
0.163,3.97, 2025-02-10T07:30:00+00:00, 2025-02-10T08:00:00+00:00
0.345,8.4, 2025-02-10T08:00:00+00:00, 2025-02-10T08:30:00+00:00
0.388,9.45, 2025-02-10T08:30:00+00:00, 2025-02-10T09:00:00+00:00
0.324,7.89, 2025-02-10T09:00:00+00:00, 2025-02-10T09:30:00+00:00
0.349,8.5, 2025-02-10T09:30:00+00:00, 2025-02-10T10:00:00+00:00
0.566,13.79, 2025-02-10T10:00:00+00:00, 2025-02-10T10:30:00+00:00
0.558,13.59, 2025-02-10T10:30:00+00:00, 2025-02-10T11:00:00+00:00
0.847,20.63, 2025-02-10T11:00:00+00:00, 2025-02-10T11:30:00+00:00
0.306,7.45, 2025-02-10T11:30:00+00:00, 2025-02-10T12:00:00+00:00
0.246,5.99, 2025-02-10T12:00:00+00:00, 2025-02-10T12:30:00+00:00
0.199,4.85, 2025-02-10T12:30:00+00:00, 2025-02-10T13:00:00+00:00
0.17,4.14, 2025-02-10T13:00:00+00:00, 2025-02-10T13:30:00+00:00
0.18,4.38, 2025-02-10T13:30:00+00:00, 2025-02-10T14:00:00+00:00
0.295,7.19, 2025-02-10T14:00:00+00:00, 2025-02-10T14:30:00+00:00
0.192,4.68, 2025-02-10T14:30:00+00:00, 2025-02-10T15:00:00+00:00
0.147,3.58, 2025-02-10T15:00:00+00:00, 2025-02-10T15:30:00+00:00
0.256,6.24, 2025-02-10T15:30:00+00:00, 2025-02-10T16:00:00+00:00
0.216,5.26, 2025-02-10T16:00:00+00:00, 2025-02-10T16:30:00+00:00
0.227,5.53, 2025-02-10T16:30:00+00:00, 2025-02-10T17:00:00+00:00
0.269,6.55, 2025-02-10T17:00:00+00:00, 2025-02-10T17:30:00+00:00
0.223,5.43, 2025-02-10T17:30:00+00:00, 2025-02-10T18:00:00+00:00
0.243,5.92, 2025-02-10T18:00:00+00:00, 2025-02-10T18:30:00+00:00
0.619,15.08, 2025-02-10T18:30:00+00:00, 2025-02-10T19:00:00+00:00
0.185,4.51, 2025-02-10T19:00:00+00:00, 2025-02-10T19:30:00+00:00
0.069,1.68, 2025-02-10T19:30:00+00:00, 2025-02-10T20:00:00+00:00
0.122,2.97, 2025-02-10T20:00:00+00:00, 2025-02-10T20:30:00+00:00
1.03,25.09, 2025-02-10T20:30:00+00:00, 2025-02-10T21:00:00+00:00
1.262,30.74, 2025-02-10T21:00:00+00:00, 2025-02-10T21:30:00+00:00
1.345,32.76, 2025-02-10T21:30:00+00:00, 2025-02-10T22:00:00+00:00
1.543,37.58, 2025-02-10T22:00:00+00:00, 2025-02-10T22:30:00+00:00
1.235,30.08, 2025-02-10T22:30:00+00:00, 2025-02-10T23:00:00+00:00
1.182,28.79, 2025-02-10T23:00:00+00:00, 2025-02-10T23:30:00+00:00
1.199,29.2, 2025-02-10T23:30:00+00:00, 2025-02-11T00:00:00+00:00
1.196,29.13, 2025-02-11T00:00:00+00:00, 2025-02-11T00:30:00+00:00
1.188,28.94, 2025-02-11T00:30:00+00:00, 2025-02-11T01:00:00+00:00
1.204,29.33, 2025-02-11T01:00:00+00:00, 2025-02-11T01:30:00+00:00
1.206,29.37, 2025-02-11T01:30:00+00:00, 2025-02-11T02:00:00+00:00
1.2,29.23, 2025-02-11T02:00:00+00:00, 2025-02-11T02:30:00+00:00
1.183,28.81, 2025-02-11T02:30:00+00:00, 2025-02-11T03:00:00+00:00
1.245,30.32, 2025-02-11T03:00:00+00:00, 2025-02-11T03:30:00+00:00
1.226,29.86, 2025-02-11T03:30:00+00:00, 2025-02-11T04:00:00+00:00
1.207,29.4, 2025-02-11T04:00:00+00:00, 2025-02-11T04:30:00+00:00
1.241,30.23, 2025-02-11T04:30:00+00:00, 2025-02-11T05:00:00+00:00
1.234,30.06, 2025-02-11T05:00:00+00:00, 2025-02-11T05:30:00+00:00
1.26,30.69, 2025-02-11T05:30:00+00:00, 2025-02-11T06:00:00+00:00
1.203,29.3, 2025-02-11T06:00:00+00:00, 2025-02-11T06:30:00+00:00
1.243,30.28, 2025-02-11T06:30:00+00:00, 2025-02-11T07:00:00+00:00
1.252,30.49, 2025-02-11T07:00:00+00:00, 2025-02-11T07:30:00+00:00
0.328,7.99, 2025-02-11T07:30:00+00:00, 2025-02-11T08:00:00+00:00
0.258,6.28, 2025-02-11T08:00:00+00:00, 2025-02-11T08:30:00+00:00
0.151,3.68, 2025-02-11T08:30:00+00:00, 2025-02-11T09:00:00+00:00
0.156,3.8, 2025-02-11T09:00:00+00:00, 2025-02-11T09:30:00+00:00
0.756,18.41, 2025-02-11T09:30:00+00:00, 2025-02-11T10:00:00+00:00
0.097,2.36, 2025-02-11T10:00:00+00:00, 2025-02-11T10:30:00+00:00
0.079,1.92, 2025-02-11T10:30:00+00:00, 2025-02-11T11:00:00+00:00
0.081,1.97, 2025-02-11T11:00:00+00:00, 2025-02-11T11:30:00+00:00
0.076,1.85, 2025-02-11T11:30:00+00:00, 2025-02-11T12:00:00+00:00
0.265,6.45, 2025-02-11T12:00:00+00:00, 2025-02-11T12:30:00+00:00
1.031,25.11, 2025-02-11T12:30:00+00:00, 2025-02-11T13:00:00+00:00
0.168,4.09, 2025-02-11T13:00:00+00:00, 2025-02-11T13:30:00+00:00
0.178,4.34, 2025-02-11T13:30:00+00:00, 2025-02-11T14:00:00+00:00
0.602,14.66, 2025-02-11T14:00:00+00:00, 2025-02-11T14:30:00+00:00
0.4,9.74, 2025-02-11T14:30:00+00:00, 2025-02-11T15:00:00+00:00
0.402,9.79, 2025-02-11T15:00:00+00:00, 2025-02-11T15:30:00+00:00
1.184,28.84, 2025-02-11T15:30:00+00:00, 2025-02-11T16:00:00+00:00
0.715,17.42, 2025-02-11T16:00:00+00:00, 2025-02-11T16:30:00+00:00
0.281,6.84, 2025-02-11T16:30:00+00:00, 2025-02-11T17:00:00+00:00
0.532,12.96, 2025-02-11T17:00:00+00:00, 2025-02-11T17:30:00+00:00
0.44,10.72, 2025-02-11T17:30:00+00:00, 2025-02-11T18:00:00+00:00
0.275,6.7, 2025-02-11T18:00:00+00:00, 2025-02-11T18:30:00+00:00
1.06,25.82, 2025-02-11T18:30:00+00:00, 2025-02-11T19:00:00+00:00
1.806,43.99, 2025-02-11T19:00:00+00:00, 2025-02-11T19:30:00+00:00
1.377,33.54, 2025-02-11T19:30:00+00:00, 2025-02-11T20:00:00+00:00
1.723,41.97, 2025-02-11T20:00:00+00:00, 2025-02-11T20:30:00+00:00
1.715,41.77, 2025-02-11T20:30:00+00:00, 2025-02-11T21:00:00+00:00
1.328,32.35, 2025-02-11T21:00:00+00:00, 2025-02-11T21:30:00+00:00
1.26,30.69, 2025-02-11T21:30:00+00:00, 2025-02-11T22:00:00+00:00
1.238,30.15, 2025-02-11T22:00:00+00:00, 2025-02-11T22:30:00+00:00
1.256,30.59, 2025-02-11T22:30:00+00:00, 2025-02-11T23:00:00+00:00
0.813,19.8, 2025-02-11T23:00:00+00:00, 2025-02-11T23:30:00+00:00
0.068,1.66, 2025-02-11T23:30:00+00:00, 2025-02-12T00:00:00+00:00
0.051,1.24, 2025-02-12T00:00:00+00:00, 2025-02-12T00:30:00+00:00
0.071,1.73, 2025-02-12T00:30:00+00:00, 2025-02-12T01:00:00+00:00
0.053,1.29, 2025-02-12T01:00:00+00:00, 2025-02-12T01:30:00+00:00
0.053,1.29, 2025-02-12T01:30:00+00:00, 2025-02-12T02:00:00+00:00
0.072,1.75, 2025-02-12T02:00:00+00:00, 2025-02-12T02:30:00+00:00
0.052,1.27, 2025-02-12T02:30:00+00:00, 2025-02-12T03:00:00+00:00
0.109,2.65, 2025-02-12T03:00:00+00:00, 2025-02-12T03:30:00+00:00
0.093,2.27, 2025-02-12T03:30:00+00:00, 2025-02-12T04:00:00+00:00
0.063,1.53, 2025-02-12T04:00:00+00:00, 2025-02-12T04:30:00+00:00
0.09,2.19, 2025-02-12T04:30:00+00:00, 2025-02-12T05:00:00+00:00
0.116,2.83, 2025-02-12T05:00:00+00:00, 2025-02-12T05:30:00+00:00
0.098,2.39, 2025-02-12T05:30:00+00:00, 2025-02-12T06:00:00+00:00
0.079,1.92, 2025-02-12T06:00:00+00:00, 2025-02-12T06:30:00+00:00
0.468,11.4, 2025-02-12T06:30:00+00:00, 2025-02-12T07:00:00+00:00
0.614,14.96, 2025-02-12T07:00:00+00:00, 2025-02-12T07:30:00+00:00
0.241,5.87, 2025-02-12T07:30:00+00:00, 2025-02-12T08:00:00+00:00
0.17,4.14, 2025-02-12T08:00:00+00:00, 2025-02-12T08:30:00+00:00
0.142,3.46, 2025-02-12T08:30:00+00:00, 2025-02-12T09:00:00+00:00
0.181,4.41, 2025-02-12T09:00:00+00:00, 2025-02-12T09:30:00+00:00
0.119,2.9, 2025-02-12T09:30:00+00:00, 2025-02-12T10:00:00+00:00
0.074,1.8, 2025-02-12T10:00:00+00:00, 2025-02-12T10:30:00+00:00
0.065,1.58, 2025-02-12T10:30:00+00:00, 2025-02-12T11:00:00+00:00
0.1,2.44, 2025-02-12T11:00:00+00:00, 2025-02-12T11:30:00+00:00
0.049,1.19, 2025-02-12T11:30:00+00:00, 2025-02-12T12:00:00+00:00
0.07,1.7, 2025-02-12T12:00:00+00:00, 2025-02-12T12:30:00+00:00
0.055,1.34, 2025-02-12T12:30:00+00:00, 2025-02-12T13:00:00+00:00
0.062,1.51, 2025-02-12T13:00:00+00:00, 2025-02-12T13:30:00+00:00
0.455,11.08, 2025-02-12T13:30:00+00:00, 2025-02-12T14:00:00+00:00
0.119,2.9, 2025-02-12T14:00:00+00:00, 2025-02-12T14:30:00+00:00
0.126,3.07, 2025-02-12T14:30:00+00:00, 2025-02-12T15:00:00+00:00
0.088,2.14, 2025-02-12T15:00:00+00:00, 2025-02-12T15:30:00+00:00
0.114,2.78, 2025-02-12T15:30:00+00:00, 2025-02-12T16:00:00+00:00
0.142,3.46, 2025-02-12T16:00:00+00:00, 2025-02-12T16:30:00+00:00
0.205,4.99, 2025-02-12T16:30:00+00:00, 2025-02-12T17:00:00+00:00
0.155,3.78, 2025-02-12T17:00:00+00:00, 2025-02-12T17:30:00+00:00
0.196,4.77, 2025-02-12T17:30:00+00:00, 2025-02-12T18:00:00+00:00
0.471,11.47, 2025-02-12T18:00:00+00:00, 2025-02-12T18:30:00+00:00
0.346,8.43, 2025-02-12T18:30:00+00:00, 2025-02-12T19:00:00+00:00
0.152,3.7, 2025-02-12T19:00:00+00:00, 2025-02-12T19:30:00+00:00
0.146,3.56, 2025-02-12T19:30:00+00:00, 2025-02-12T20:00:00+00:00
0.329,8.01, 2025-02-12T20:00:00+00:00, 2025-02-12T20:30:00+00:00
0.451,10.99, 2025-02-12T20:30:00+00:00, 2025-02-12T21:00:00+00:00
0.113,2.75, 2025-02-12T21:00:00+00:00, 2025-02-12T21:30:00+00:00
0.124,3.02, 2025-02-12T21:30:00+00:00, 2025-02-12T22:00:00+00:00
0.091,2.22, 2025-02-12T22:00:00+00:00, 2025-02-12T22:30:00+00:00
0.098,2.39, 2025-02-12T22:30:00+00:00, 2025-02-12T23:00:00+00:00
0.071,1.73, 2025-02-12T23:00:00+00:00, 2025-02-12T23:30:00+00:00
0.066,1.61, 2025-02-12T23:30:00+00:00, 2025-02-13T00:00:00+00:00
0.059,1.44, 2025-02-13T00:00:00+00:00, 2025-02-13T00:30:00+00:00
0.073,1.78, 2025-02-13T00:30:00+00:00, 2025-02-13T01:00:00+00:00
0.052,1.27, 2025-02-13T01:00:00+00:00, 2025-02-13T01:30:00+00:00
0.078,1.9, 2025-02-13T01:30:00+00:00, 2025-02-13T02:00:00+00:00
0.053,1.29, 2025-02-13T02:00:00+00:00, 2025-02-13T02:30:00+00:00
0.061,1.49, 2025-02-13T02:30:00+00:00, 2025-02-13T03:00:00+00:00
0.115,2.8, 2025-02-13T03:00:00+00:00, 2025-02-13T03:30:00+00:00
0.088,2.14, 2025-02-13T03:30:00+00:00, 2025-02-13T04:00:00+00:00
0.073,1.78, 2025-02-13T04:00:00+00:00, 2025-02-13T04:30:00+00:00
0.094,2.29, 2025-02-13T04:30:00+00:00, 2025-02-13T05:00:00+00:00
0.115,2.8, 2025-02-13T05:00:00+00:00, 2025-02-13T05:30:00+00:00
0.086,2.09, 2025-02-13T05:30:00+00:00, 2025-02-13T06:00:00+00:00
0.075,1.83, 2025-02-13T06:00:00+00:00, 2025-02-13T06:30:00+00:00
0.146,3.56, 2025-02-13T06:30:00+00:00, 2025-02-13T07:00:00+00:00
0.561,13.66, 2025-02-13T07:00:00+00:00, 2025-02-13T07:30:00+00:00
0.128,3.12, 2025-02-13T07:30:00+00:00, 2025-02-13T08:00:00+00:00
0.168,4.09, 2025-02-13T08:00:00+00:00, 2025-02-13T08:30:00+00:00
0.157,3.82, 2025-02-13T08:30:00+00:00, 2025-02-13T09:00:00+00:00
0.681,16.59, 2025-02-13T09:00:00+00:00, 2025-02-13T09:30:00+00:00
0.131,3.19, 2025-02-13T09:30:00+00:00, 2025-02-13T10:00:00+00:00
0.067,1.63, 2025-02-13T10:00:00+00:00, 2025-02-13T10:30:00+00:00
0.081,1.97, 2025-02-13T10:30:00+00:00, 2025-02-13T11:00:00+00:00
0.08,1.95, 2025-02-13T11:00:00+00:00, 2025-02-13T11:30:00+00:00
0.073,1.78, 2025-02-13T11:30:00+00:00, 2025-02-13T12:00:00+00:00
0.084,2.05, 2025-02-13T12:00:00+00:00, 2025-02-13T12:30:00+00:00
0.07,1.7, 2025-02-13T12:30:00+00:00, 2025-02-13T13:00:00+00:00
0.118,2.87, 2025-02-13T13:00:00+00:00, 2025-02-13T13:30:00+00:00
0.157,3.82, 2025-02-13T13:30:00+00:00, 2025-02-13T14:00:00+00:00
0.13,3.17, 2025-02-13T14:00:00+00:00, 2025-02-13T14:30:00+00:00
0.111,2.7, 2025-02-13T14:30:00+00:00, 2025-02-13T15:00:00+00:00
0.078,1.9, 2025-02-13T15:00:00+00:00, 2025-02-13T15:30:00+00:00
0.083,2.02, 2025-02-13T15:30:00+00:00, 2025-02-13T16:00:00+00:00
0.23,5.6, 2025-02-13T16:00:00+00:00, 2025-02-13T16:30:00+00:00
0.226,5.5, 2025-02-13T16:30:00+00:00, 2025-02-13T17:00:00+00:00
0.462,11.25, 2025-02-13T17:00:00+00:00, 2025-02-13T17:30:00+00:00
1.539,37.49, 2025-02-13T17:30:00+00:00, 2025-02-13T18:00:00+00:00
0.582,14.18, 2025-02-13T18:00:00+00:00, 2025-02-13T18:30:00+00:00
1.446,35.22, 2025-02-13T18:30:00+00:00, 2025-02-13T19:00:00+00:00
0.638,15.54, 2025-02-13T19:00:00+00:00, 2025-02-13T19:30:00+00:00
0.574,13.98, 2025-02-13T19:30:00+00:00, 2025-02-13T20:00:00+00:00
0.28,6.82, 2025-02-13T20:00:00+00:00, 2025-02-13T20:30:00+00:00
0.125,3.04, 2025-02-13T20:30:00+00:00, 2025-02-13T21:00:00+00:00
0.1,2.44, 2025-02-13T21:00:00+00:00, 2025-02-13T21:30:00+00:00
0.155,3.78, 2025-02-13T21:30:00+00:00, 2025-02-13T22:00:00+00:00
0.097,2.36, 2025-02-13T22:00:00+00:00, 2025-02-13T22:30:00+00:00
0.069,1.68, 2025-02-13T22:30:00+00:00, 2025-02-13T23:00:00+00:00
0.077,1.88, 2025-02-13T23:00:00+00:00, 2025-02-13T23:30:00+00:00
0.052,1.27, 2025-02-13T23:30:00+00:00, 2025-02-14T00:00:00+00:00
0.064,1.56, 2025-02-14T00:00:00+00:00, 2025-02-14T00:30:00+00:00
0.065,1.58, 2025-02-14T00:30:00+00:00, 2025-02-14T01:00:00+00:00
0.056,1.36, 2025-02-14T01:00:00+00:00, 2025-02-14T01:30:00+00:00
0.067,1.63, 2025-02-14T01:30:00+00:00, 2025-02-14T02:00:00+00:00
0.055,1.34, 2025-02-14T02:00:00+00:00, 2025-02-14T02:30:00+00:00
0.065,1.58, 2025-02-14T02:30:00+00:00, 2025-02-14T03:00:00+00:00
0.106,2.58, 2025-02-14T03:00:00+00:00, 2025-02-14T03:30:00+00:00
0.102,2.48, 2025-02-14T03:30:00+00:00, 2025-02-14T04:00:00+00:00
0.054,1.32, 2025-02-14T04:00:00+00:00, 2025-02-14T04:30:00+00:00
0.123,3, 2025-02-14T04:30:00+00:00, 2025-02-14T05:00:00+00:00
0.106,2.58, 2025-02-14T05:00:00+00:00, 2025-02-14T05:30:00+00:00
0.097,2.36, 2025-02-14T05:30:00+00:00, 2025-02-14T06:00:00+00:00
0.101,2.46, 2025-02-14T06:00:00+00:00, 2025-02-14T06:30:00+00:00
0.059,1.44, 2025-02-14T06:30:00+00:00, 2025-02-14T07:00:00+00:00
0.121,2.95, 2025-02-14T07:00:00+00:00, 2025-02-14T07:30:00+00:00
0.067,1.63, 2025-02-14T07:30:00+00:00, 2025-02-14T08:00:00+00:00
0.172,4.19, 2025-02-14T08:00:00+00:00, 2025-02-14T08:30:00+00:00
0.31,7.55, 2025-02-14T08:30:00+00:00, 2025-02-14T09:00:00+00:00
0.157,3.82, 2025-02-14T09:00:00+00:00, 2025-02-14T09:30:00+00:00
0.154,3.75, 2025-02-14T09:30:00+00:00, 2025-02-14T10:00:00+00:00
0.159,3.87, 2025-02-14T10:00:00+00:00, 2025-02-14T10:30:00+00:00
0.191,4.65, 2025-02-14T10:30:00+00:00, 2025-02-14T11:00:00+00:00
0.191,4.65, 2025-02-14T11:00:00+00:00, 2025-02-14T11:30:00+00:00
0.264,6.43, 2025-02-14T11:30:00+00:00, 2025-02-14T12:00:00+00:00
0.156,3.8, 2025-02-14T12:00:00+00:00, 2025-02-14T12:30:00+00:00
0.175,4.26, 2025-02-14T12:30:00+00:00, 2025-02-14T13:00:00+00:00
0.434,10.57, 2025-02-14T13:00:00+00:00, 2025-02-14T13:30:00+00:00
0.344,8.38, 2025-02-14T13:30:00+00:00, 2025-02-14T14:00:00+00:00
0.117,2.85, 2025-02-14T14:00:00+00:00, 2025-02-14T14:30:00+00:00
0.111,2.7, 2025-02-14T14:30:00+00:00, 2025-02-14T15:00:00+00:00
0.076,1.85, 2025-02-14T15:00:00+00:00, 2025-02-14T15:30:00+00:00
0.698,17, 2025-02-14T15:30:00+00:00, 2025-02-14T16:00:00+00:00
0.175,4.26, 2025-02-14T16:00:00+00:00, 2025-02-14T16:30:00+00:00
0.125,3.04, 2025-02-14T16:30:00+00:00, 2025-02-14T17:00:00+00:00
0.139,3.39, 2025-02-14T17:00:00+00:00, 2025-02-14T17:30:00+00:00
1.047,25.5, 2025-02-14T17:30:00+00:00, 2025-02-14T18:00:00+00:00
1.776,43.26, 2025-02-14T18:00:00+00:00, 2025-02-14T18:30:00+00:00
0.348,8.48, 2025-02-14T18:30:00+00:00, 2025-02-14T19:00:00+00:00
0.304,7.4, 2025-02-14T19:00:00+00:00, 2025-02-14T19:30:00+00:00
0.277,6.75, 2025-02-14T19:30:00+00:00, 2025-02-14T20:00:00+00:00
0.294,7.16, 2025-02-14T20:00:00+00:00, 2025-02-14T20:30:00+00:00
0.216,5.26, 2025-02-14T20:30:00+00:00, 2025-02-14T21:00:00+00:00
0.193,4.7, 2025-02-14T21:00:00+00:00, 2025-02-14T21:30:00+00:00
0.124,3.02, 2025-02-14T21:30:00+00:00, 2025-02-14T22:00:00+00:00
0.081,1.97, 2025-02-14T22:00:00+00:00, 2025-02-14T22:30:00+00:00
0.091,2.22, 2025-02-14T22:30:00+00:00, 2025-02-14T23:00:00+00:00
0.07,1.7, 2025-02-14T23:00:00+00:00, 2025-02-14T23:30:00+00:00
0.071,1.73, 2025-02-14T23:30:00+00:00, 2025-02-15T00:00:00+00:00
0.08,1.95, 2025-02-15T00:00:00+00:00, 2025-02-15T00:30:00+00:00
0.052,1.27, 2025-02-15T00:30:00+00:00, 2025-02-15T01:00:00+00:00
0.076,1.85, 2025-02-15T01:00:00+00:00, 2025-02-15T01:30:00+00:00
0.055,1.34, 2025-02-15T01:30:00+00:00, 2025-02-15T02:00:00+00:00
0.065,1.58, 2025-02-15T02:00:00+00:00, 2025-02-15T02:30:00+00:00
0.064,1.56, 2025-02-15T02:30:00+00:00, 2025-02-15T03:00:00+00:00
0.098,2.39, 2025-02-15T03:00:00+00:00, 2025-02-15T03:30:00+00:00
0.094,2.29, 2025-02-15T03:30:00+00:00, 2025-02-15T04:00:00+00:00
0.06,1.46, 2025-02-15T04:00:00+00:00, 2025-02-15T04:30:00+00:00
0.063,1.53, 2025-02-15T04:30:00+00:00, 2025-02-15T05:00:00+00:00
0.054,1.32, 2025-02-15T05:00:00+00:00, 2025-02-15T05:30:00+00:00
0.069,1.68, 2025-02-15T05:30:00+00:00, 2025-02-15T06:00:00+00:00
0.048,1.17, 2025-02-15T06:00:00+00:00, 2025-02-15T06:30:00+00:00
0.089,2.17, 2025-02-15T06:30:00+00:00, 2025-02-15T07:00:00+00:00
0.107,2.61, 2025-02-15T07:00:00+00:00, 2025-02-15T07:30:00+00:00
0.101,2.46, 2025-02-15T07:30:00+00:00, 2025-02-15T08:00:00+00:00
0.15,3.65, 2025-02-15T08:00:00+00:00, 2025-02-15T08:30:00+00:00
0.105,2.56, 2025-02-15T08:30:00+00:00, 2025-02-15T09:00:00+00:00
0.152,3.7, 2025-02-15T09:00:00+00:00, 2025-02-15T09:30:00+00:00
0.148,3.6, 2025-02-15T09:30:00+00:00, 2025-02-15T10:00:00+00:00
0.168,4.09, 2025-02-15T10:00:00+00:00, 2025-02-15T10:30:00+00:00
0.198,4.82, 2025-02-15T10:30:00+00:00, 2025-02-15T11:00:00+00:00
0.129,3.14, 2025-02-15T11:00:00+00:00, 2025-02-15T11:30:00+00:00
0.158,3.85, 2025-02-15T11:30:00+00:00, 2025-02-15T12:00:00+00:00
0.372,9.06, 2025-02-15T12:00:00+00:00, 2025-02-15T12:30:00+00:00
0.37,9.01, 2025-02-15T12:30:00+00:00, 2025-02-15T13:00:00+00:00
0.183,4.46, 2025-02-15T13:00:00+00:00, 2025-02-15T13:30:00+00:00
0.123,3, 2025-02-15T13:30:00+00:00, 2025-02-15T14:00:00+00:00
0.155,3.78, 2025-02-15T14:00:00+00:00, 2025-02-15T14:30:00+00:00
0.217,5.29, 2025-02-15T14:30:00+00:00, 2025-02-15T15:00:00+00:00
0.181,4.41, 2025-02-15T15:00:00+00:00, 2025-02-15T15:30:00+00:00
0.096,2.34, 2025-02-15T15:30:00+00:00, 2025-02-15T16:00:00+00:00
0.087,2.12, 2025-02-15T16:00:00+00:00, 2025-02-15T16:30:00+00:00
0.647,15.76, 2025-02-15T16:30:00+00:00, 2025-02-15T17:00:00+00:00
0.582,14.18, 2025-02-15T17:00:00+00:00, 2025-02-15T17:30:00+00:00
0.692,16.86, 2025-02-15T17:30:00+00:00, 2025-02-15T18:00:00+00:00
1.008,24.55, 2025-02-15T18:00:00+00:00, 2025-02-15T18:30:00+00:00
1.072,26.11, 2025-02-15T18:30:00+00:00, 2025-02-15T19:00:00+00:00
0.194,4.73, 2025-02-15T19:00:00+00:00, 2025-02-15T19:30:00+00:00
0.176,4.29, 2025-02-15T19:30:00+00:00, 2025-02-15T20:00:00+00:00
0.174,4.24, 2025-02-15T20:00:00+00:00, 2025-02-15T20:30:00+00:00
0.089,2.17, 2025-02-15T20:30:00+00:00, 2025-02-15T21:00:00+00:00
0.112,2.73, 2025-02-15T21:00:00+00:00, 2025-02-15T21:30:00+00:00
0.171,4.17, 2025-02-15T21:30:00+00:00, 2025-02-15T22:00:00+00:00
0.357,8.7, 2025-02-15T22:00:00+00:00, 2025-02-15T22:30:00+00:00
0.15,3.65, 2025-02-15T22:30:00+00:00, 2025-02-15T23:00:00+00:00
0.082,2, 2025-02-15T23:00:00+00:00, 2025-02-15T23:30:00+00:00
0.073,1.78, 2025-02-15T23:30:00+00:00, 2025-02-16T00:00:00+00:00
0.052,1.27, 2025-02-16T00:00:00+00:00, 2025-02-16T00:30:00+00:00
0.079,1.92, 2025-02-16T00:30:00+00:00, 2025-02-16T01:00:00+00:00
0.051,1.24, 2025-02-16T01:00:00+00:00, 2025-02-16T01:30:00+00:00
0.073,1.78, 2025-02-16T01:30:00+00:00, 2025-02-16T02:00:00+00:00
0.058,1.41, 2025-02-16T02:00:00+00:00, 2025-02-16T02:30:00+00:00
0.059,1.44, 2025-02-16T02:30:00+00:00, 2025-02-16T03:00:00+00:00
0.109,2.65, 2025-02-16T03:00:00+00:00, 2025-02-16T03:30:00+00:00
0.086,2.09, 2025-02-16T03:30:00+00:00, 2025-02-16T04:00:00+00:00
0.065,1.58, 2025-02-16T04:00:00+00:00, 2025-02-16T04:30:00+00:00
0.049,1.19, 2025-02-16T04:30:00+00:00, 2025-02-16T05:00:00+00:00
0.076,1.85, 2025-02-16T05:00:00+00:00, 2025-02-16T05:30:00+00:00
0.048,1.17, 2025-02-16T05:30:00+00:00, 2025-02-16T06:00:00+00:00
0.119,2.9, 2025-02-16T06:00:00+00:00, 2025-02-16T06:30:00+00:00
0.111,2.7, 2025-02-16T06:30:00+00:00, 2025-02-16T07:00:00+00:00
0.097,2.36, 2025-02-16T07:00:00+00:00, 2025-02-16T07:30:00+00:00
0.101,2.46, 2025-02-16T07:30:00+00:00, 2025-02-16T08:00:00+00:00
0.086,2.09, 2025-02-16T08:00:00+00:00, 2025-02-16T08:30:00+00:00
0.1,2.44, 2025-02-16T08:30:00+00:00, 2025-02-16T09:00:00+00:00
0.133,3.24, 2025-02-16T09:00:00+00:00, 2025-02-16T09:30:00+00:00
0.133,3.24, 2025-02-16T09:30:00+00:00, 2025-02-16T10:00:00+00:00
0.151,3.68, 2025-02-16T10:00:00+00:00, 2025-02-16T10:30:00+00:00
0.233,5.68, 2025-02-16T10:30:00+00:00, 2025-02-16T11:00:00+00:00
0.336,8.18, 2025-02-16T11:00:00+00:00, 2025-02-16T11:30:00+00:00
0.578,14.08, 2025-02-16T11:30:00+00:00, 2025-02-16T12:00:00+00:00
0.234,5.7, 2025-02-16T12:00:00+00:00, 2025-02-16T12:30:00+00:00
0.595,14.49, 2025-02-16T12:30:00+00:00, 2025-02-16T13:00:00+00:00
1.84,44.82, 2025-02-16T13:00:00+00:00, 2025-02-16T13:30:00+00:00
0.818,19.92, 2025-02-16T13:30:00+00:00, 2025-02-16T14:00:00+00:00
0.296,7.21, 2025-02-16T14:00:00+00:00, 2025-02-16T14:30:00+00:00
0.12,2.92, 2025-02-16T14:30:00+00:00, 2025-02-16T15:00:00+00:00
0.127,3.09, 2025-02-16T15:00:00+00:00, 2025-02-16T15:30:00+00:00
0.097,2.36, 2025-02-16T15:30:00+00:00, 2025-02-16T16:00:00+00:00
0.203,4.94, 2025-02-16T16:00:00+00:00, 2025-02-16T16:30:00+00:00
0.151,3.68, 2025-02-16T16:30:00+00:00, 2025-02-16T17:00:00+00:00
0.147,3.58, 2025-02-16T17:00:00+00:00, 2025-02-16T17:30:00+00:00
0.132,3.22, 2025-02-16T17:30:00+00:00, 2025-02-16T18:00:00+00:00
0.2,4.87, 2025-02-16T18:00:00+00:00, 2025-02-16T18:30:00+00:00
0.279,6.8, 2025-02-16T18:30:00+00:00, 2025-02-16T19:00:00+00:00
0.29,7.06, 2025-02-16T19:00:00+00:00, 2025-02-16T19:30:00+00:00
0.33,8.04, 2025-02-16T19:30:00+00:00, 2025-02-16T20:00:00+00:00
0.238,5.8, 2025-02-16T20:00:00+00:00, 2025-02-16T20:30:00+00:00
0.159,3.87, 2025-02-16T20:30:00+00:00, 2025-02-16T21:00:00+00:00
0.141,3.43, 2025-02-16T21:00:00+00:00, 2025-02-16T21:30:00+00:00
0.079,1.92, 2025-02-16T21:30:00+00:00, 2025-02-16T22:00:00+00:00
0.096,2.34, 2025-02-16T22:00:00+00:00, 2025-02-16T22:30:00+00:00
0.087,2.12, 2025-02-16T22:30:00+00:00, 2025-02-16T23:00:00+00:00
0.051,1.24, 2025-02-16T23:00:00+00:00, 2025-02-16T23:30:00+00:00
0.065,1.58, 2025-02-16T23:30:00+00:00, 2025-02-17T00:00:00+00:00
0.059,1.44, 2025-02-17T00:00:00+00:00, 2025-02-17T00:30:00+00:00
0.06,1.46, 2025-02-17T00:30:00+00:00, 2025-02-17T01:00:00+00:00
0.059,1.44, 2025-02-17T01:00:00+00:00, 2025-02-17T01:30:00+00:00
0.06,1.46, 2025-02-17T01:30:00+00:00, 2025-02-17T02:00:00+00:00
0.049,1.19, 2025-02-17T02:00:00+00:00, 2025-02-17T02:30:00+00:00
0.063,1.53, 2025-02-17T02:30:00+00:00, 2025-02-17T03:00:00+00:00
0.097,2.36, 2025-02-17T03:00:00+00:00, 2025-02-17T03:30:00+00:00
0.082,2, 2025-02-17T03:30:00+00:00, 2025-02-17T04:00:00+00:00
0.058,1.41, 2025-02-17T04:00:00+00:00, 2025-02-17T04:30:00+00:00
0.114,2.78, 2025-02-17T04:30:00+00:00, 2025-02-17T05:00:00+00:00
0.109,2.65, 2025-02-17T05:00:00+00:00, 2025-02-17T05:30:00+00:00
0.605,14.74, 2025-02-17T05:30:00+00:00, 2025-02-17T06:00:00+00:00
0.319,7.77, 2025-02-17T06:00:00+00:00, 2025-02-17T06:30:00+00:00
0.209,5.09, 2025-02-17T06:30:00+00:00, 2025-02-17T07:00:00+00:00
0.534,13.01, 2025-02-17T07:00:00+00:00, 2025-02-17T07:30:00+00:00
0.46,11.2, 2025-02-17T07:30:00+00:00, 2025-02-17T08:00:00+00:00
0.513,12.5, 2025-02-17T08:00:00+00:00, 2025-02-17T08:30:00+00:00
0.476,11.59, 2025-02-17T08:30:00+00:00, 2025-02-17T09:00:00+00:00
0.367,8.94, 2025-02-17T09:00:00+00:00, 2025-02-17T09:30:00+00:00
0.156,3.8, 2025-02-17T09:30:00+00:00, 2025-02-17T10:00:00+00:00
0.134,3.26, 2025-02-17T10:00:00+00:00, 2025-02-17T10:30:00+00:00
0.242,5.89, 2025-02-17T10:30:00+00:00, 2025-02-17T11:00:00+00:00
0.191,4.65, 2025-02-17T11:00:00+00:00, 2025-02-17T11:30:00+00:00
0.246,5.99, 2025-02-17T11:30:00+00:00, 2025-02-17T12:00:00+00:00
0.184,4.48, 2025-02-17T12:00:00+00:00, 2025-02-17T12:30:00+00:00
0.054,1.32, 2025-02-17T12:30:00+00:00, 2025-02-17T13:00:00+00:00
0.112,2.73, 2025-02-17T13:00:00+00:00, 2025-02-17T13:30:00+00:00
0.06,1.46, 2025-02-17T13:30:00+00:00, 2025-02-17T14:00:00+00:00
0.069,1.68, 2025-02-17T14:00:00+00:00, 2025-02-17T14:30:00+00:00
0.066,1.61, 2025-02-17T14:30:00+00:00, 2025-02-17T15:00:00+00:00
0.067,1.63, 2025-02-17T15:00:00+00:00, 2025-02-17T15:30:00+00:00
0.06,1.46, 2025-02-17T15:30:00+00:00, 2025-02-17T16:00:00+00:00
1.083,26.38, 2025-02-17T16:00:00+00:00, 2025-02-17T16:30:00+00:00
1.259,30.67, 2025-02-17T16:30:00+00:00, 2025-02-17T17:00:00+00:00
1.267,30.86, 2025-02-17T17:00:00+00:00, 2025-02-17T17:30:00+00:00
1.282,31.23, 2025-02-17T17:30:00+00:00, 2025-02-17T18:00:00+00:00
1.298,31.62, 2025-02-17T18:00:00+00:00, 2025-02-17T18:30:00+00:00
1.26,30.69, 2025-02-17T18:30:00+00:00, 2025-02-17T19:00:00+00:00
1.703,41.48, 2025-02-17T19:00:00+00:00, 2025-02-17T19:30:00+00:00
2.32,56.51, 2025-02-17T19:30:00+00:00, 2025-02-17T20:00:00+00:00
1.612,39.26, 2025-02-17T20:00:00+00:00, 2025-02-17T20:30:00+00:00
1.668,40.63, 2025-02-17T20:30:00+00:00, 2025-02-17T21:00:00+00:00
1.329,32.37, 2025-02-17T21:00:00+00:00, 2025-02-17T21:30:00+00:00
1.561,38.02, 2025-02-17T21:30:00+00:00, 2025-02-17T22:00:00+00:00
1.591,38.75, 2025-02-17T22:00:00+00:00, 2025-02-17T22:30:00+00:00
1.256,30.59, 2025-02-17T22:30:00+00:00, 2025-02-17T23:00:00+00:00
1.231,29.98, 2025-02-17T23:00:00+00:00, 2025-02-17T23:30:00+00:00
1.218,29.67, 2025-02-17T23:30:00+00:00, 2025-02-18T00:00:00+00:00
1.241,30.23, 2025-02-18T00:00:00+00:00, 2025-02-18T00:30:00+00:00
1.206,29.37, 2025-02-18T00:30:00+00:00, 2025-02-18T01:00:00+00:00
1.228,29.91, 2025-02-18T01:00:00+00:00, 2025-02-18T01:30:00+00:00
1.223,29.79, 2025-02-18T01:30:00+00:00, 2025-02-18T02:00:00+00:00
1.215,29.59, 2025-02-18T02:00:00+00:00, 2025-02-18T02:30:00+00:00
1.23,29.96, 2025-02-18T02:30:00+00:00, 2025-02-18T03:00:00+00:00
1.274,31.03, 2025-02-18T03:00:00+00:00, 2025-02-18T03:30:00+00:00
1.266,30.84, 2025-02-18T03:30:00+00:00, 2025-02-18T04:00:00+00:00
1.212,29.52, 2025-02-18T04:00:00+00:00, 2025-02-18T04:30:00+00:00
0.135,3.29, 2025-02-18T04:30:00+00:00, 2025-02-18T05:00:00+00:00
0.096,2.34, 2025-02-18T05:00:00+00:00, 2025-02-18T05:30:00+00:00
0.112,2.73, 2025-02-18T05:30:00+00:00, 2025-02-18T06:00:00+00:00
0.085,2.07, 2025-02-18T06:00:00+00:00, 2025-02-18T06:30:00+00:00
0.411,10.01, 2025-02-18T06:30:00+00:00, 2025-02-18T07:00:00+00:00
0.74,18.02, 2025-02-18T07:00:00+00:00, 2025-02-18T07:30:00+00:00
0.123,3, 2025-02-18T07:30:00+00:00, 2025-02-18T08:00:00+00:00
0.203,4.94, 2025-02-18T08:00:00+00:00, 2025-02-18T08:30:00+00:00
0.157,3.82, 2025-02-18T08:30:00+00:00, 2025-02-18T09:00:00+00:00
0.185,4.51, 2025-02-18T09:00:00+00:00, 2025-02-18T09:30:00+00:00
0.18,4.38, 2025-02-18T09:30:00+00:00, 2025-02-18T10:00:00+00:00
0.187,4.55, 2025-02-18T10:00:00+00:00, 2025-02-18T10:30:00+00:00
0.188,4.58, 2025-02-18T10:30:00+00:00, 2025-02-18T11:00:00+00:00
0.211,5.14, 2025-02-18T11:00:00+00:00, 2025-02-18T11:30:00+00:00
0.229,5.58, 2025-02-18T11:30:00+00:00, 2025-02-18T12:00:00+00:00
0.253,6.16, 2025-02-18T12:00:00+00:00, 2025-02-18T12:30:00+00:00
0.292,7.11, 2025-02-18T12:30:00+00:00, 2025-02-18T13:00:00+00:00
0.138,3.36, 2025-02-18T13:00:00+00:00, 2025-02-18T13:30:00+00:00
0.134,3.26, 2025-02-18T13:30:00+00:00, 2025-02-18T14:00:00+00:00
0.15,3.65, 2025-02-18T14:00:00+00:00, 2025-02-18T14:30:00+00:00
0.158,3.85, 2025-02-18T14:30:00+00:00, 2025-02-18T15:00:00+00:00
0.155,3.78, 2025-02-18T15:00:00+00:00, 2025-02-18T15:30:00+00:00
0.182,4.43, 2025-02-18T15:30:00+00:00, 2025-02-18T16:00:00+00:00
0.301,7.33, 2025-02-18T16:00:00+00:00, 2025-02-18T16:30:00+00:00
0.444,10.81, 2025-02-18T16:30:00+00:00, 2025-02-18T17:00:00+00:00
0.11,2.68, 2025-02-18T17:00:00+00:00, 2025-02-18T17:30:00+00:00
0.084,2.05, 2025-02-18T17:30:00+00:00, 2025-02-18T18:00:00+00:00
0.084,2.05, 2025-02-18T18:00:00+00:00, 2025-02-18T18:30:00+00:00
0.266,6.48, 2025-02-18T18:30:00+00:00, 2025-02-18T19:00:00+00:00
0.519,12.64, 2025-02-18T19:00:00+00:00, 2025-02-18T19:30:00+00:00
0.283,6.89, 2025-02-18T19:30:00+00:00, 2025-02-18T20:00:00+00:00
0.649,15.81, 2025-02-18T20:00:00+00:00, 2025-02-18T20:30:00+00:00
0.155,3.78, 2025-02-18T20:30:00+00:00, 2025-02-18T21:00:00+00:00
0.187,4.55, 2025-02-18T21:00:00+00:00, 2025-02-18T21:30:00+00:00
0.146,3.56, 2025-02-18T21:30:00+00:00, 2025-02-18T22:00:00+00:00
0.138,3.36, 2025-02-18T22:00:00+00:00, 2025-02-18T22:30:00+00:00
0.076,1.85, 2025-02-18T22:30:00+00:00, 2025-02-18T23:00:00+00:00
0.068,1.66, 2025-02-18T23:00:00+00:00, 2025-02-18T23:30:00+00:00
0.063,1.53, 2025-02-18T23:30:00+00:00, 2025-02-19T00:00:00+00:00
0.057,1.39, 2025-02-19T00:00:00+00:00, 2025-02-19T00:30:00+00:00
0.072,1.75, 2025-02-19T00:30:00+00:00, 2025-02-19T01:00:00+00:00
0.052,1.27, 2025-02-19T01:00:00+00:00, 2025-02-19T01:30:00+00:00
0.072,1.75, 2025-02-19T01:30:00+00:00, 2025-02-19T02:00:00+00:00
0.056,1.36, 2025-02-19T02:00:00+00:00, 2025-02-19T02:30:00+00:00
0.063,1.53, 2025-02-19T02:30:00+00:00, 2025-02-19T03:00:00+00:00
0.094,2.29, 2025-02-19T03:00:00+00:00, 2025-02-19T03:30:00+00:00
0.103,2.51, 2025-02-19T03:30:00+00:00, 2025-02-19T04:00:00+00:00
0.058,1.41, 2025-02-19T04:00:00+00:00, 2025-02-19T04:30:00+00:00
0.117,2.85, 2025-02-19T04:30:00+00:00, 2025-02-19T05:00:00+00:00
0.111,2.7, 2025-02-19T05:00:00+00:00, 2025-02-19T05:30:00+00:00
0.1,2.44, 2025-02-19T05:30:00+00:00, 2025-02-19T06:00:00+00:00
0.075,1.83, 2025-02-19T06:00:00+00:00, 2025-02-19T06:30:00+00:00
0.088,2.14, 2025-02-19T06:30:00+00:00, 2025-02-19T07:00:00+00:00
0.101,2.46, 2025-02-19T07:00:00+00:00, 2025-02-19T07:30:00+00:00
0.084,2.05, 2025-02-19T07:30:00+00:00, 2025-02-19T08:00:00+00:00
0.112,2.73, 2025-02-19T08:00:00+00:00, 2025-02-19T08:30:00+00:00
0.119,2.9, 2025-02-19T08:30:00+00:00, 2025-02-19T09:00:00+00:00
0.213,5.19, 2025-02-19T09:00:00+00:00, 2025-02-19T09:30:00+00:00
0.194,4.73, 2025-02-19T09:30:00+00:00, 2025-02-19T10:00:00+00:00
0.121,2.95, 2025-02-19T10:00:00+00:00, 2025-02-19T10:30:00+00:00
0.146,3.56, 2025-02-19T10:30:00+00:00, 2025-02-19T11:00:00+00:00
0.126,3.07, 2025-02-19T11:00:00+00:00, 2025-02-19T11:30:00+00:00
0.11,2.68, 2025-02-19T11:30:00+00:00, 2025-02-19T12:00:00+00:00
0.139,3.39, 2025-02-19T12:00:00+00:00, 2025-02-19T12:30:00+00:00
0.197,4.8, 2025-02-19T12:30:00+00:00, 2025-02-19T13:00:00+00:00
0.234,5.7, 2025-02-19T13:00:00+00:00, 2025-02-19T13:30:00+00:00
0.253,6.16, 2025-02-19T13:30:00+00:00, 2025-02-19T14:00:00+00:00
0.161,3.92, 2025-02-19T14:00:00+00:00, 2025-02-19T14:30:00+00:00
0.144,3.51, 2025-02-19T14:30:00+00:00, 2025-02-19T15:00:00+00:00
0.156,3.8, 2025-02-19T15:00:00+00:00, 2025-02-19T15:30:00+00:00
0.168,4.09, 2025-02-19T15:30:00+00:00, 2025-02-19T16:00:00+00:00
0.141,3.43, 2025-02-19T16:00:00+00:00, 2025-02-19T16:30:00+00:00
0.131,3.19, 2025-02-19T16:30:00+00:00, 2025-02-19T17:00:00+00:00
0.225,5.48, 2025-02-19T17:00:00+00:00, 2025-02-19T17:30:00+00:00
0.163,3.97, 2025-02-19T17:30:00+00:00, 2025-02-19T18:00:00+00:00
0.525,12.79, 2025-02-19T18:00:00+00:00, 2025-02-19T18:30:00+00:00
0.908,22.12, 2025-02-19T18:30:00+00:00, 2025-02-19T19:00:00+00:00
1.569,38.22, 2025-02-19T19:00:00+00:00, 2025-02-19T19:30:00+00:00
0.321,7.82, 2025-02-19T19:30:00+00:00, 2025-02-19T20:00:00+00:00
0.268,6.53, 2025-02-19T20:00:00+00:00, 2025-02-19T20:30:00+00:00
0.293,7.14, 2025-02-19T20:30:00+00:00, 2025-02-19T21:00:00+00:00
0.866,21.09, 2025-02-19T21:00:00+00:00, 2025-02-19T21:30:00+00:00
0.154,3.75, 2025-02-19T21:30:00+00:00, 2025-02-19T22:00:00+00:00
0.126,3.07, 2025-02-19T22:00:00+00:00, 2025-02-19T22:30:00+00:00
0.134,3.26, 2025-02-19T22:30:00+00:00, 2025-02-19T23:00:00+00:00
0.065,1.58, 2025-02-19T23:00:00+00:00, 2025-02-19T23:30:00+00:00
0.082,2, 2025-02-19T23:30:00+00:00, 2025-02-20T00:00:00+00:00
0.068,1.66, 2025-02-20T00:00:00+00:00, 2025-02-20T00:30:00+00:00
0.064,1.56, 2025-02-20T00:30:00+00:00, 2025-02-20T01:00:00+00:00
0.081,1.97, 2025-02-20T01:00:00+00:00, 2025-02-20T01:30:00+00:00
0.062,1.51, 2025-02-20T01:30:00+00:00, 2025-02-20T02:00:00+00:00
0.08,1.95, 2025-02-20T02:00:00+00:00, 2025-02-20T02:30:00+00:00
0.063,1.53, 2025-02-20T02:30:00+00:00, 2025-02-20T03:00:00+00:00
0.119,2.9, 2025-02-20T03:00:00+00:00, 2025-02-20T03:30:00+00:00
0.104,2.53, 2025-02-20T03:30:00+00:00, 2025-02-20T04:00:00+00:00
0.073,1.78, 2025-02-20T04:00:00+00:00, 2025-02-20T04:30:00+00:00
0.061,1.49, 2025-02-20T04:30:00+00:00, 2025-02-20T05:00:00+00:00
0.107,2.61, 2025-02-20T05:00:00+00:00, 2025-02-20T05:30:00+00:00
0.11,2.68, 2025-02-20T05:30:00+00:00, 2025-02-20T06:00:00+00:00
0.089,2.17, 2025-02-20T06:00:00+00:00, 2025-02-20T06:30:00+00:00
0.078,1.9, 2025-02-20T06:30:00+00:00, 2025-02-20T07:00:00+00:00
0.101,2.46, 2025-02-20T07:00:00+00:00, 2025-02-20T07:30:00+00:00
0.093,2.27, 2025-02-20T07:30:00+00:00, 2025-02-20T08:00:00+00:00
0.086,2.09, 2025-02-20T08:00:00+00:00, 2025-02-20T08:30:00+00:00
0.38,9.26, 2025-02-20T08:30:00+00:00, 2025-02-20T09:00:00+00:00
0.279,6.8, 2025-02-20T09:00:00+00:00, 2025-02-20T09:30:00+00:00
0.313,7.62, 2025-02-20T09:30:00+00:00, 2025-02-20T10:00:00+00:00
0.215,5.24, 2025-02-20T10:00:00+00:00, 2025-02-20T10:30:00+00:00
0.272,6.63, 2025-02-20T10:30:00+00:00, 2025-02-20T11:00:00+00:00
0.242,5.89, 2025-02-20T11:00:00+00:00, 2025-02-20T11:30:00+00:00
0.303,7.38, 2025-02-20T11:30:00+00:00, 2025-02-20T12:00:00+00:00
0.175,4.26, 2025-02-20T12:00:00+00:00, 2025-02-20T12:30:00+00:00
0.593,14.44, 2025-02-20T12:30:00+00:00, 2025-02-20T13:00:00+00:00
0.302,7.36, 2025-02-20T13:00:00+00:00, 2025-02-20T13:30:00+00:00
0.62,15.1, 2025-02-20T13:30:00+00:00, 2025-02-20T14:00:00+00:00
0.343,8.35, 2025-02-20T14:00:00+00:00, 2025-02-20T14:30:00+00:00
0.227,5.53, 2025-02-20T14:30:00+00:00, 2025-02-20T15:00:00+00:00
0.813,19.8, 2025-02-20T15:00:00+00:00, 2025-02-20T15:30:00+00:00
0.146,3.56, 2025-02-20T15:30:00+00:00, 2025-02-20T16:00:00+00:00
0.19,4.63, 2025-02-20T16:00:00+00:00, 2025-02-20T16:30:00+00:00
0.188,4.58, 2025-02-20T16:30:00+00:00, 2025-02-20T17:00:00+00:00
0.718,17.49, 2025-02-20T17:00:00+00:00, 2025-02-20T17:30:00+00:00
1.759,42.84, 2025-02-20T17:30:00+00:00, 2025-02-20T18:00:00+00:00
1.672,40.72, 2025-02-20T18:00:00+00:00, 2025-02-20T18:30:00+00:00
1.873,45.62, 2025-02-20T18:30:00+00:00, 2025-02-20T19:00:00+00:00
1.517,36.95, 2025-02-20T19:00:00+00:00, 2025-02-20T19:30:00+00:00
1.426,34.73, 2025-02-20T19:30:00+00:00, 2025-02-20T20:00:00+00:00
1.469,35.78, 2025-02-20T20:00:00+00:00, 2025-02-20T20:30:00+00:00
1.324,32.25, 2025-02-20T20:30:00+00:00, 2025-02-20T21:00:00+00:00
1.658,40.38, 2025-02-20T21:00:00+00:00, 2025-02-20T21:30:00+00:00
1.333,32.47, 2025-02-20T21:30:00+00:00, 2025-02-20T22:00:00+00:00
1.323,32.22, 2025-02-20T22:00:00+00:00, 2025-02-20T22:30:00+00:00
1.279,31.15, 2025-02-20T22:30:00+00:00, 2025-02-20T23:00:00+00:00
1.254,30.54, 2025-02-20T23:00:00+00:00, 2025-02-20T23:30:00+00:00
0.066,1.61, 2025-02-20T23:30:00+00:00, 2025-02-21T00:00:00+00:00
0.069,0.460023, 2025-02-21T00:00:00+00:00, 2025-02-21T00:30:00+00:00
0.063,0.420021, 2025-02-21T00:30:00+00:00, 2025-02-21T01:00:00+00:00
0.069,0.460023, 2025-02-21T01:00:00+00:00, 2025-02-21T01:30:00+00:00
0.068,0.453356, 2025-02-21T01:30:00+00:00, 2025-02-21T02:00:00+00:00
0.062,0.413354, 2025-02-21T02:00:00+00:00, 2025-02-21T02:30:00+00:00
0.077,0.513359, 2025-02-21T02:30:00+00:00, 2025-02-21T03:00:00+00:00
0.096,0.640032, 2025-02-21T03:00:00+00:00, 2025-02-21T03:30:00+00:00
0.121,0.806707, 2025-02-21T03:30:00+00:00, 2025-02-21T04:00:00+00:00
0.051,0.340017, 2025-02-21T04:00:00+00:00, 2025-02-21T04:30:00+00:00
0.075,0.500025, 2025-02-21T04:30:00+00:00, 2025-02-21T05:00:00+00:00
0.053,0.353351, 2025-02-21T05:00:00+00:00, 2025-02-21T05:30:00+00:00
0.077,1.9875163, 2025-02-21T05:30:00+00:00, 2025-02-21T06:00:00+00:00
0.117,3.0199923, 2025-02-21T06:00:00+00:00, 2025-02-21T06:30:00+00:00
0.066,1.7035854, 2025-02-21T06:30:00+00:00, 2025-02-21T07:00:00+00:00
0.064,1.6519616, 2025-02-21T07:00:00+00:00, 2025-02-21T07:30:00+00:00
0.069,1.7810211, 2025-02-21T07:30:00+00:00, 2025-02-21T08:00:00+00:00
0.08,2.064952, 2025-02-21T08:00:00+00:00, 2025-02-21T08:30:00+00:00
0.259,6.6852821, 2025-02-21T08:30:00+00:00, 2025-02-21T09:00:00+00:00
0.182,4.6977658, 2025-02-21T09:00:00+00:00, 2025-02-21T09:30:00+00:00
0.259,6.6852821, 2025-02-21T09:30:00+00:00, 2025-02-21T10:00:00+00:00
0.31,8.001689, 2025-02-21T10:00:00+00:00, 2025-02-21T10:30:00+00:00
0.179,4.6203301, 2025-02-21T10:30:00+00:00, 2025-02-21T11:00:00+00:00
0.265,6.8401535, 2025-02-21T11:00:00+00:00, 2025-02-21T11:30:00+00:00
0.175,4.5170825, 2025-02-21T11:30:00+00:00, 2025-02-21T12:00:00+00:00
0.277,7.1498963, 2025-02-21T12:00:00+00:00, 2025-02-21T12:30:00+00:00
0.159,4.1040921, 2025-02-21T12:30:00+00:00, 2025-02-21T13:00:00+00:00
0.194,5.0075086, 2025-02-21T13:00:00+00:00, 2025-02-21T13:30:00+00:00
0.211,5.4463109, 2025-02-21T13:30:00+00:00, 2025-02-21T14:00:00+00:00
0.178,4.5945182, 2025-02-21T14:00:00+00:00, 2025-02-21T14:30:00+00:00
0.143,3.6911017, 2025-02-21T14:30:00+00:00, 2025-02-21T15:00:00+00:00
0.148,3.8201612, 2025-02-21T15:00:00+00:00, 2025-02-21T15:30:00+00:00
0.176,4.5428944, 2025-02-21T15:30:00+00:00, 2025-02-21T16:00:00+00:00
0.185,4.7752015, 2025-02-21T16:00:00+00:00, 2025-02-21T16:30:00+00:00
0.173,4.4654587, 2025-02-21T16:30:00+00:00, 2025-02-21T17:00:00+00:00
0.176,4.5428944, 2025-02-21T17:00:00+00:00, 2025-02-21T17:30:00+00:00
0.176,4.5428944, 2025-02-21T17:30:00+00:00, 2025-02-21T18:00:00+00:00
0.361,9.3180959, 2025-02-21T18:00:00+00:00, 2025-02-21T18:30:00+00:00
0.694,17.9134586, 2025-02-21T18:30:00+00:00, 2025-02-21T19:00:00+00:00
0.316,8.1565604, 2025-02-21T19:00:00+00:00, 2025-02-21T19:30:00+00:00
0.148,3.8201612, 2025-02-21T19:30:00+00:00, 2025-02-21T20:00:00+00:00
0.186,4.8010134, 2025-02-21T20:00:00+00:00, 2025-02-21T20:30:00+00:00
0.104,2.6844376, 2025-02-21T20:30:00+00:00, 2025-02-21T21:00:00+00:00
0.099,2.5553781, 2025-02-21T21:00:00+00:00, 2025-02-21T21:30:00+00:00
0.138,3.5620422, 2025-02-21T21:30:00+00:00, 2025-02-21T22:00:00+00:00
0.092,2.3746948, 2025-02-21T22:00:00+00:00, 2025-02-21T22:30:00+00:00
0.126,3.2522994, 2025-02-21T22:30:00+00:00, 2025-02-21T23:00:00+00:00
0.078,2.0133282, 2025-02-21T23:00:00+00:00, 2025-02-21T23:30:00+00:00
0.105,0.700035, 2025-02-21T23:30:00+00:00, 2025-02-22T00:00:00+00:00
0.072,0.480024, 2025-02-22T00:00:00+00:00, 2025-02-22T00:30:00+00:00
0.097,0.646699, 2025-02-22T00:30:00+00:00, 2025-02-22T01:00:00+00:00
0.077,0.513359, 2025-02-22T01:00:00+00:00, 2025-02-22T01:30:00+00:00
0.083,0.553361, 2025-02-22T01:30:00+00:00, 2025-02-22T02:00:00+00:00
0.091,0.606697, 2025-02-22T02:00:00+00:00, 2025-02-22T02:30:00+00:00
0.074,0.493358, 2025-02-22T02:30:00+00:00, 2025-02-22T03:00:00+00:00
0.139,0.926713, 2025-02-22T03:00:00+00:00, 2025-02-22T03:30:00+00:00
0.104,0.693368, 2025-02-22T03:30:00+00:00, 2025-02-22T04:00:00+00:00
0.093,0.620031, 2025-02-22T04:00:00+00:00, 2025-02-22T04:30:00+00:00
0.076,0.506692, 2025-02-22T04:30:00+00:00, 2025-02-22T05:00:00+00:00
0.083,0.553361, 2025-02-22T05:00:00+00:00, 2025-02-22T05:30:00+00:00
0.077,1.9875163, 2025-02-22T05:30:00+00:00, 2025-02-22T06:00:00+00:00
0.082,2.1165758, 2025-02-22T06:00:00+00:00, 2025-02-22T06:30:00+00:00
0.075,1.9358925, 2025-02-22T06:30:00+00:00, 2025-02-22T07:00:00+00:00
0.148,3.8201612, 2025-02-22T07:00:00+00:00, 2025-02-22T07:30:00+00:00
0.088,2.2714472, 2025-02-22T07:30:00+00:00, 2025-02-22T08:00:00+00:00
0.161,4.1557159, 2025-02-22T08:00:00+00:00, 2025-02-22T08:30:00+00:00
0.099,2.5553781, 2025-02-22T08:30:00+00:00, 2025-02-22T09:00:00+00:00
0.093,2.4005067, 2025-02-22T09:00:00+00:00, 2025-02-22T09:30:00+00:00
0.117,3.0199923, 2025-02-22T09:30:00+00:00, 2025-02-22T10:00:00+00:00
0.126,3.2522994, 2025-02-22T10:00:00+00:00, 2025-02-22T10:30:00+00:00
0.247,6.3755393, 2025-02-22T10:30:00+00:00, 2025-02-22T11:00:00+00:00
0.232,5.9883608, 2025-02-22T11:00:00+00:00, 2025-02-22T11:30:00+00:00
0.194,5.0075086, 2025-02-22T11:30:00+00:00, 2025-02-22T12:00:00+00:00
0.704,18.1715776, 2025-02-22T12:00:00+00:00, 2025-02-22T12:30:00+00:00
0.184,4.7493896, 2025-02-22T12:30:00+00:00, 2025-02-22T13:00:00+00:00
0.152,3.9234088, 2025-02-22T13:00:00+00:00, 2025-02-22T13:30:00+00:00
0.177,4.5687063, 2025-02-22T13:30:00+00:00, 2025-02-22T14:00:00+00:00
0.161,4.1557159, 2025-02-22T14:00:00+00:00, 2025-02-22T14:30:00+00:00
0.181,4.6719539, 2025-02-22T14:30:00+00:00, 2025-02-22T15:00:00+00:00
0.143,3.6911017, 2025-02-22T15:00:00+00:00, 2025-02-22T15:30:00+00:00
0.119,3.0716161, 2025-02-22T15:30:00+00:00, 2025-02-22T16:00:00+00:00
0.111,2.8651209, 2025-02-22T16:00:00+00:00, 2025-02-22T16:30:00+00:00
0.092,2.3746948, 2025-02-22T16:30:00+00:00, 2025-02-22T17:00:00+00:00
0.553,14.2739807, 2025-02-22T17:00:00+00:00, 2025-02-22T17:30:00+00:00
1.115,7.433705, 2025-02-22T17:30:00+00:00, 2025-02-22T18:00:00+00:00
1.088,28.0833472, 2025-02-22T18:00:00+00:00, 2025-02-22T18:30:00+00:00
0.248,6.4013512, 2025-02-22T18:30:00+00:00, 2025-02-22T19:00:00+00:00
0.151,3.8975969, 2025-02-22T19:00:00+00:00, 2025-02-22T19:30:00+00:00
0.21,5.420499, 2025-02-22T19:30:00+00:00, 2025-02-22T20:00:00+00:00
0.173,4.4654587, 2025-02-22T20:00:00+00:00, 2025-02-22T20:30:00+00:00
0.196,5.0591324, 2025-02-22T20:30:00+00:00, 2025-02-22T21:00:00+00:00
0.15,3.871785, 2025-02-22T21:00:00+00:00, 2025-02-22T21:30:00+00:00
0.16,4.129904, 2025-02-22T21:30:00+00:00, 2025-02-22T22:00:00+00:00
0.144,3.7169136, 2025-02-22T22:00:00+00:00, 2025-02-22T22:30:00+00:00
0.141,3.6394779, 2025-02-22T22:30:00+00:00, 2025-02-22T23:00:00+00:00
0.071,1.8326449, 2025-02-22T23:00:00+00:00, 2025-02-22T23:30:00+00:00
0.078,0.520026, 2025-02-22T23:30:00+00:00, 2025-02-23T00:00:00+00:00