Datetime (UTC), North Scotland, South Scotland, North West England,  North East England, Yorkshire, North Wales & Merseyside, South Wales, West Midlands, East Midlands, East England, South West England, South England, London, South East England, England, Scotland, Wales
2025-02-10T00:00Z,0,9,11,12,77,7,66,25,52,104,241,157,90,60,80,3,1
2025-02-10T00:30Z,0,10,13,12,80,8,64,25,54,106,233,153,94,67,80,12,5
2025-02-10T01:00Z,0,10,13,11,80,7,68,27,55,108,231,156,92,64,81,11,5
2025-02-10T01:30Z,0,10,11,11,79,6,53,28,57,106,232,157,90,67,80,9,4
2025-02-10T02:00Z,0,10,11,11,80,7,51,27,57,106,239,159,85,51,80,9,4
2025-02-10T02:30Z,0,10,12,10,79,6,36,27,57,105,232,158,84,51,77,9,3
2025-02-10T03:00Z,0,10,11,10,78,6,45,21,55,103,230,152,89,61,77,9,4
2025-02-10T03:30Z,0,10,10,10,78,10,42,21,55,104,228,147,87,56,75,12,5
2025-02-10T04:00Z,0,10,9,10,78,10,75,18,53,100,222,139,95,77,77,11,4
2025-02-10T04:30Z,0,10,11,10,81,9,52,19,55,99,223,147,98,92,79,10,4
2025-02-10T05:00Z,0,13,13,14,96,21,76,27,68,75,265,165,79,88,85,10,4
2025-02-10T05:30Z,0,15,14,17,103,17,88,27,74,76,268,195,85,102,92,11,24
2025-02-10T06:00Z,0,19,33,19,119,39,168,46,88,70,342,246,107,147,122,20,35
2025-02-10T06:30Z,0,18,50,19,118,62,290,81,122,79,338,257,124,162,136,15,167
2025-02-10T07:00Z,0,15,68,19,107,69,320,132,180,87,304,262,130,163,145,23,226
2025-02-10T07:30Z,0,13,67,18,103,85,327,149,180,98,301,268,138,160,149,31,234
2025-02-10T08:00Z,0,11,71,16,96,76,310,134,190,96,330,253,128,142,144,29,210
2025-02-10T08:30Z,0,11,73,16,98,84,320,148,188,102,325,258,141,164,148,33,238
2025-02-10T09:00Z,0,12,76,17,100,86,324,158,198,153,304,259,158,166,156,37,241
2025-02-10T09:30Z,0,11,74,16,98,86,323,155,198,157,299,258,157,156,156,35,234
2025-02-10T10:00Z,0,11,76,16,100,86,323,159,205,158,288,259,158,159,159,29,238
2025-02-10T10:30Z,0,11,74,15,107,84,331,165,189,159,263,262,161,161,157,32,239
2025-02-10T11:00Z,0,12,70,15,114,88,336,168,183,150,257,263,168,176,159,31,242
2025-02-10T11:30Z,0,12,66,16,115,95,329,156,181,149,254,268,168,170,156,35,254
2025-02-10T12:00Z,0,12,73,16,116,102,326,155,178,153,251,262,166,155,154,36,256
2025-02-10T12:30Z,0,11,63,15,118,91,324,147,177,149,257,264,164,156,151,37,259
2025-02-10T13:00Z,0,11,68,15,119,88,328,155,168,150,240,257,152,141,148,35,255
2025-02-10T13:30Z,0,11,68,15,115,93,322,149,170,147,239,256,150,141,146,33,255
2025-02-10T14:00Z,0,12,74,16,117,97,328,161,167,150,250,263,166,165,154,34,263
2025-02-10T14:30Z,0,12,78,17,112,89,331,166,162,151,280,272,167,157,156,35,261
2025-02-10T15:00Z,0,11,76,16,107,86,326,160,179,143,283,265,155,156,155,32,245
2025-02-10T15:30Z,0,11,78,17,105,80,328,163,189,154,288,271,164,158,160,35,240
2025-02-10T16:00Z,0,10,81,17,103,90,327,164,206,155,318,268,166,170,165,34,235
2025-02-10T16:30Z,0,10,77,17,107,106,331,166,198,162,322,267,173,179,168,26,238
2025-02-10T17:00Z,0,11,83,17,111,111,339,176,205,171,322,263,183,187,173,22,251
2025-02-10T17:30Z,0,11,83,17,117,106,342,178,212,176,315,268,189,195,175,25,263
2025-02-10T18:00Z,0,11,78,18,118,104,345,172,210,175,333,267,195,211,176,26,273
2025-02-10T18:30Z,0,11,76,18,116,97,346,166,207,178,334,266,196,206,176,24,257
2025-02-10T19:00Z,0,11,77,19,118,84,347,164,202,180,334,261,185,180,172,22,249
2025-02-10T19:30Z,0,10,77,19,111,85,352,165,197,177,333,264,184,178,170,25,260
2025-02-10T20:00Z,0,10,78,18,112,90,358,166,192,177,317,260,185,187,169,23,266
2025-02-10T20:30Z,0,10,74,18,111,63,355,150,180,177,342,259,185,183,166,20,251
2025-02-10T21:00Z,0,9,64,18,105,42,349,127,173,174,321,245,183,186,157,18,229
2025-02-10T21:30Z,0,9,48,18,102,22,351,114,145,172,287,236,181,186,145,20,226
2025-02-10T22:00Z,0,9,43,16,97,25,350,103,106,153,299,238,172,175,133,18,237
2025-02-10T22:30Z,0,10,18,14,98,21,343,86,81,144,315,255,162,139,120,16,270
2025-02-10T23:00Z,0,9,14,12,90,24,327,60,64,132,275,224,128,105,103,16,224
2025-02-10T23:30Z,0,11,8,12,97,7,201,34,67,137,289,232,134,127,103,17,104
2025-02-11T00:00Z,0,11,23,13,75,40,127,50,68,145,294,201,142,139,104,12,80
2025-02-11T00:30Z,0,10,21,12,80,38,102,53,85,147,282,210,143,139,110,7,62
2025-02-11T01:00Z,0,10,22,11,77,35,154,53,91,144,282,218,143,139,115,5,55
2025-02-11T01:30Z,0,10,22,11,92,33,82,60,106,149,280,224,145,139,115,4,66
2025-02-11T02:00Z,0,10,7,10,98,26,165,50,103,146,282,223,135,124,114,4,72
2025-02-11T02:30Z,0,9,10,11,95,13,86,52,103,152,291,236,132,120,114,2,54
2025-02-11T03:00Z,0,9,13,11,94,8,89,47,94,159,286,230,131,118,115,2,28
2025-02-11T03:30Z,0,9,13,11,91,8,60,47,92,159,285,232,127,115,114,1,12
2025-02-11T04:00Z,0,10,12,11,91,8,86,43,97,162,294,231,127,112,115,1,16
2025-02-11T04:30Z,0,9,13,10,96,9,91,48,97,162,303,253,128,107,120,1,23
2025-02-11T05:00Z,1,10,21,11,101,12,110,40,120,141,326,280,148,143,128,1,50
2025-02-11T05:30Z,2,11,26,14,107,15,134,51,131,157,332,291,173,174,141,1,73
2025-02-11T06:00Z,0,13,48,16,113,25,288,65,149,174,352,311,221,234,168,3,114
2025-02-11T06:30Z,24,20,78,18,109,65,381,120,183,183,344,304,232,243,186,12,191
2025-02-11T07:00Z,29,21,92,19,111,85,385,170,217,191,378,310,234,227,196,24,262
2025-02-11T07:30Z,26,18,86,19,120,80,386,186,226,202,382,300,240,237,201,22,245
2025-02-11T08:00Z,26,17,86,19,120,71,386,190,244,238,383,297,257,255,209,22,261
2025-02-11T08:30Z,25,17,83,19,131,85,384,185,261,240,381,291,258,261,211,21,275
2025-02-11T09:00Z,25,17,79,18,140,112,382,184,268,244,368,282,259,262,213,30,264
2025-02-11T09:30Z,24,16,75,18,145,130,378,180,269,249,363,280,260,260,212,34,258
2025-02-11T10:00Z,32,20,73,19,144,126,371,156,271,246,358,288,263,263,211,29,255
2025-02-11T10:30Z,32,20,69,18,146,126,372,166,267,250,349,279,265,269,211,32,248
2025-02-11T11:00Z,42,23,70,19,132,131,372,165,266,252,340,279,256,252,208,29,245
2025-02-11T11:30Z,44,24,70,19,119,127,373,167,265,253,338,279,258,258,208,24,245
2025-02-11T12:00Z,53,27,69,21,112,130,373,162,261,251,331,279,270,284,209,23,249
2025-02-11T12:30Z,53,28,70,20,132,138,373,163,258,250,327,274,268,282,209,29,245
2025-02-11T13:00Z,60,30,71,21,135,133,373,162,259,255,316,270,269,286,210,29,243
2025-02-11T13:30Z,62,31,74,21,139,137,375,165,262,253,322,271,268,285,211,33,237
2025-02-11T14:00Z,72,35,78,23,157,129,375,156,260,234,330,277,271,307,214,33,238
2025-02-11T14:30Z,74,36,75,23,145,145,373,151,256,238,336,277,270,305,213,34,236
2025-02-11T15:00Z,45,24,73,19,131,146,373,155,255,246,344,287,286,339,218,27,239
2025-02-11T15:30Z,46,24,74,20,130,137,377,157,259,246,351,289,288,342,221,26,253
2025-02-11T16:00Z,75,37,74,24,149,131,380,153,258,242,354,286,288,350,223,32,249
2025-02-11T16:30Z,89,44,74,26,149,142,382,156,258,241,352,281,287,353,223,35,243
2025-02-11T17:00Z,81,39,70,25,162,132,383,146,264,250,352,282,290,351,224,36,227
2025-02-11T17:30Z,78,38,68,24,164,133,381,146,264,251,348,280,290,350,224,36,236
2025-02-11T18:00Z,68,33,67,23,166,127,379,146,269,250,350,287,289,337,223,36,253
2025-02-11T18:30Z,68,33,67,23,164,140,377,148,267,249,353,286,289,337,224,36,245
2025-02-11T19:00Z,56,28,71,21,168,117,375,150,272,242,354,282,282,321,220,36,234
2025-02-11T19:30Z,53,27,66,21,160,138,373,148,268,245,347,274,277,316,218,33,237
2025-02-11T20:00Z,57,29,67,22,143,129,373,147,266,252,352,279,292,348,223,30,239
2025-02-11T20:30Z,50,26,68,21,123,106,371,147,268,251,358,285,294,347,221,21,253
2025-02-11T21:00Z,43,24,69,20,107,70,370,138,248,236,353,284,275,312,206,12,264
2025-02-11T21:30Z,9,10,62,16,104,50,367,129,232,230,333,275,263,294,193,8,265
2025-02-11T22:00Z,5,9,60,15,98,39,362,116,207,225,317,275,255,265,181,4,267
2025-02-11T22:30Z,7,10,68,13,100,33,363,118,174,204,297,281,251,267,175,4,256
2025-02-11T23:00Z,5,9,66,11,101,30,356,101,168,192,301,287,198,166,159,2,229
2025-02-11T23:30Z,2,8,59,9,95,26,343,77,167,182,297,282,187,158,153,4,166
2025-02-12T00:00Z,0,7,55,9,89,24,337,74,163,175,285,281,178,156,150,3,147
2025-02-12T00:30Z,2,8,56,9,93,29,335,65,161,172,293,282,175,158,154,9,91
2025-02-12T01:00Z,2,7,54,9,95,32,335,69,151,179,288,275,169,152,152,8,95
2025-02-12T01:30Z,2,7,50,9,93,32,333,72,140,186,283,266,163,156,151,8,79
2025-02-12T02:00Z,0,7,40,9,93,25,307,82,138,186,281,267,148,150,149,3,75
2025-02-12T02:30Z,0,7,43,10,96,29,282,85,135,183,285,266,149,151,147,2,101
2025-02-12T03:00Z,0,7,40,10,102,29,310,81,133,172,293,275,147,150,148,2,100
2025-02-12T03:30Z,0,8,39,10,100,28,301,82,133,175,283,278,150,155,146,1,130
2025-02-12T04:00Z,1,9,34,10,101,40,326,69,132,179,295,302,172,174,154,1,135
2025-02-12T04:30Z,0,9,30,10,98,39,328,61,135,176,301,308,187,186,156,1,137
2025-02-12T05:00Z,0,10,45,11,105,51,336,81,165,177,309,315,256,323,178,1,181
2025-02-12T05:30Z,0,11,43,12,115,55,339,96,181,195,317,324,270,331,191,10,197
2025-02-12T06:00Z,11,16,89,13,120,73,357,168,210,207,321,331,282,339,213,14,245
2025-02-12T06:30Z,1,10,86,13,134,98,358,185,267,225,345,328,294,350,228,16,270
2025-02-12T07:00Z,20,16,88,17,153,106,357,191,289,221,362,331,297,351,235,12,288
2025-02-12T07:30Z,25,18,87,19,151,157,355,197,300,229,365,328,300,347,240,13,307
2025-02-12T08:00Z,48,26,92,21,185,157,357,206,308,237,364,323,279,286,237,17,313
2025-02-12T08:30Z,103,51,95,27,182,164,361,202,305,229,356,318,274,282,236,26,311
2025-02-12T09:00Z,114,58,100,28,185,175,366,211,309,224,347,314,261,260,234,34,314
2025-02-12T09:30Z,119,60,103,27,194,187,364,217,312,225,337,315,258,255,235,38,318
2025-02-12T10:00Z,103,52,103,25,194,183,361,221,316,223,327,323,252,243,233,37,317
2025-02-12T10:30Z,103,51,101,25,199,176,360,217,312,219,316,319,253,243,232,36,308
2025-02-12T11:00Z,105,50,103,25,195,177,357,221,313,227,305,306,253,243,231,33,307
2025-02-12T11:30Z,106,51,107,25,198,182,354,226,315,224,295,304,251,241,231,31,301
2025-02-12T12:00Z,105,53,107,25,191,187,350,230,319,227,278,296,249,243,230,38,296
2025-02-12T12:30Z,107,53,110,25,189,190,348,231,313,225,270,295,248,242,228,39,300
2025-02-12T13:00Z,121,58,120,26,187,201,343,228,305,210,278,305,252,248,229,37,305
2025-02-12T13:30Z,117,55,114,25,185,197,354,235,305,210,284,299,248,248,228,39,315
2025-02-12T14:00Z,114,54,112,25,177,198,361,233,298,209,295,305,250,254,228,37,316
2025-02-12T14:30Z,122,57,115,25,177,205,366,236,299,213,305,307,251,256,231,39,317
2025-02-12T15:00Z,132,60,115,25,175,208,370,236,297,218,317,318,268,283,238,42,328
2025-02-12T15:30Z,166,81,117,31,169,207,373,230,293,217,326,314,266,283,239,41,325
2025-02-12T16:00Z,165,83,115,32,174,216,375,232,294,222,332,307,269,291,241,36,336
2025-02-12T16:30Z,169,85,117,32,174,228,377,237,292,223,337,305,268,293,242,37,343
2025-02-12T17:00Z,173,86,117,32,173,218,378,233,292,226,349,322,272,296,246,35,346
2025-02-12T17:30Z,177,87,116,32,168,221,378,231,288,220,351,319,265,289,243,38,347
2025-02-12T18:00Z,183,88,115,30,166,219,376,224,291,219,352,323,261,283,242,41,351
2025-02-12T18:30Z,186,90,109,30,169,219,377,224,292,213,350,322,262,291,241,46,355
2025-02-12T19:00Z,180,86,104,30,167,213,378,222,299,209,351,321,261,297,240,42,361
2025-02-12T19:30Z,179,87,101,31,174,209,373,213,290,206,354,315,259,296,239,37,349
2025-02-12T20:00Z,173,84,98,30,161,187,367,202,286,203,354,312,254,287,232,35,333
2025-02-12T20:30Z,169,82,100,28,165,159,368,196,275,194,357,312,248,285,228,34,328
2025-02-12T21:00Z,141,65,93,23,126,146,368,199,269,181,343,309,235,273,215,31,329
2025-02-12T21:30Z,99,47,90,20,120,98,369,193,267,174,340,307,225,262,206,26,326
2025-02-12T22:00Z,82,40,89,19,115,80,369,188,257,168,334,302,235,302,206,24,322
2025-02-12T22:30Z,70,35,91,20,108,86,369,180,228,157,329,299,226,296,198,21,312
2025-02-12T23:00Z,33,23,90,19,111,80,367,165,206,142,330,306,204,242,182,16,320
2025-02-12T23:30Z,9,18,88,20,118,83,367,164,182,143,316,308,204,234,178,17,318
2025-02-13T00:00Z,10,19,94,22,120,57,372,201,206,147,280,295,191,202,178,19,329
2025-02-13T00:30Z,16,22,97,22,126,72,374,214,205,146,289,301,192,207,182,25,343
2025-02-13T01:00Z,23,22,94,22,126,76,373,217,239,135,282,289,169,188,177,44,352
2025-02-13T01:30Z,20,22,95,23,134,89,373,218,244,137,279,290,164,175,180,40,345
2025-02-13T02:00Z,50,26,89,22,142,89,373,214,240,131,279,279,165,186,179,53,346
2025-02-13T02:30Z,50,25,97,22,138,85,376,219,241,144,275,284,170,182,181,62,344
2025-02-13T03:00Z,63,27,106,23,134,97,375,206,234,156,278,279,177,187,184,57,332
2025-02-13T03:30Z,83,29,108,23,139,83,373,205,237,152,286,284,173,183,185,54,328
2025-02-13T04:00Z,96,33,100,23,142,80,369,191,236,152,294,298,188,205,187,50,331
2025-02-13T04:30Z,93,33,96,23,144,73,366,192,229,153,298,303,187,201,186,46,332
2025-02-13T05:00Z,96,36,100,22,148,72,366,196,225,151,311,326,219,265,200,48,331
2025-02-13T05:30Z,69,29,104,22,150,92,370,236,252,158,314,333,219,258,206,84,337
2025-02-13T06:00Z,57,31,120,24,182,104,370,259,283,175,333,354,241,282,229,89,329
2025-02-13T06:30Z,99,31,126,26,217,148,365,260,302,184,355,362,271,321,247,93,329
2025-02-13T07:00Z,251,91,124,27,221,219,361,255,298,185,358,355,268,311,254,111,325
2025-02-13T07:30Z,289,124,128,30,227,234,355,254,312,191,357,353,266,302,259,125,320
2025-02-13T08:00Z,291,113,123,23,231,245,350,262,327,189,357,345,251,271,254,134,311
2025-02-13T08:30Z,290,113,126,22,230,248,345,266,329,187,356,347,254,272,254,128,305
2025-02-13T09:00Z,252,68,130,20,239,261,340,281,338,184,349,332,243,260,250,138,298
2025-02-13T09:30Z,245,67,123,21,246,239,331,267,336,187,332,331,240,252,246,137,282
2025-02-13T10:00Z,244,71,116,20,238,221,321,250,332,194,322,335,255,270,245,141,269
2025-02-13T10:30Z,248,63,121,20,249,216,319,249,331,197,317,330,253,263,245,134,271
2025-02-13T11:00Z,286,98,123,21,225,217,317,242,323,189,307,320,252,267,241,127,268
2025-02-13T11:30Z,277,94,123,23,229,213,317,240,325,193,300,319,255,267,243,114,272
2025-02-13T12:00Z,239,65,127,20,247,216,319,246,331,202,287,316,247,250,242,111,276
2025-02-13T12:30Z,233,62,128,21,256,207,320,245,332,208,288,313,245,242,242,109,281
2025-02-13T13:00Z,242,67,136,21,267,215,326,249,323,210,299,316,243,227,244,108,276
2025-02-13T13:30Z,270,91,126,23,253,213,323,238,326,222,302,310,245,231,244,105,288
2025-02-13T14:00Z,267,87,121,23,249,211,324,235,328,229,319,303,246,226,243,105,287
2025-02-13T14:30Z,229,60,122,20,255,208,324,238,329,235,321,305,249,230,244,104,289
2025-02-13T15:00Z,222,60,121,20,257,205,324,235,328,241,325,303,247,225,246,97,289
2025-02-13T15:30Z,221,64,120,21,255,209,328,235,329,244,333,307,252,228,248,97,293
2025-02-13T16:00Z,241,81,120,22,251,210,329,236,333,248,336,305,254,230,250,105,295
2025-02-13T16:30Z,241,85,124,21,247,215,336,241,331,247,346,309,253,233,251,102,298
2025-02-13T17:00Z,228,83,119,22,237,207,336,231,324,242,356,332,278,274,256,100,289
2025-02-13T17:30Z,228,89,114,28,233,202,328,224,326,242,354,331,275,271,254,93,288
2025-02-13T18:00Z,214,83,108,30,239,191,322,215,328,242,352,337,282,286,256,84,282
2025-02-13T18:30Z,220,88,109,29,242,189,320,214,326,243,351,335,283,289,256,87,281
2025-02-13T19:00Z,221,92,108,29,244,186,314,208,322,243,351,326,282,292,254,95,276
2025-02-13T19:30Z,208,84,100,28,244,175,312,197,321,248,349,322,283,293,250,99,269
2025-02-13T20:00Z,222,100,100,36,229,171,310,188,318,253,345,316,285,302,250,97,265
2025-02-13T20:30Z,220,101,99,36,233,170,310,184,313,247,347,313,280,296,247,96,266
2025-02-13T21:00Z,211,91,92,35,222,157,304,170,302,232,339,305,270,291,237,79,254
2025-02-13T21:30Z,190,73,79,32,201,147,303,158,290,225,313,292,262,290,226,54,255
2025-02-13T22:00Z,131,46,74,24,177,116,309,155,279,220,301,297,266,300,218,36,261
2025-02-13T22:30Z,96,32,68,23,160,111,307,146,264,213,265,291,264,301,208,33,250
2025-02-13T23:00Z,94,36,64,25,152,101,298,134,263,209,266,280,249,258,197,25,229
2025-02-13T23:30Z,44,25,62,25,157,107,296,135,252,200,276,283,242,244,189,23,244
2025-02-14T00:00Z,83,28,62,20,148,95,288,131,259,210,224,279,219,202,181,32,235
2025-02-14T00:30Z,57,22,60,19,159,78,281,126,277,209,239,275,215,196,182,23,235
2025-02-14T01:00Z,62,24,61,19,149,75,281,126,274,212,236,273,212,190,181,26,227
2025-02-14T01:30Z,58,29,65,19,150,75,280,127,272,209,229,276,209,187,180,26,233
2025-02-14T02:00Z,81,37,68,20,148,71,275,127,280,196,219,262,187,169,175,26,221
2025-02-14T02:30Z,75,33,63,20,149,56,278,122,279,189,227,256,177,162,170,30,212
2025-02-14T03:00Z,97,54,70,32,145,78,274,124,282,187,235,253,167,143,174,64,194
2025-02-14T03:30Z,53,26,64,23,158,55,263,122,298,188,239,268,162,139,172,21,204
2025-02-14T04:00Z,72,32,70,29,167,52,268,124,292,190,243,268,168,144,174,26,205
2025-02-14T04:30Z,55,28,71,30,176,56,266,127,290,191,254,279,168,145,176,25,201
2025-02-14T05:00Z,58,29,72,34,192,71,281,134,284,197,255,286,218,201,189,35,212
2025-02-14T05:30Z,64,31,69,36,199,60,275,133,298,201,255,293,223,203,194,25,204
2025-02-14T06:00Z,83,39,80,41,221,95,284,161,317,216,282,326,248,242,215,40,252
2025-02-14T06:30Z,83,40,80,40,242,128,294,175,324,237,290,325,265,260,229,37,240
2025-02-14T07:00Z,97,45,84,44,255,141,299,177,321,248,329,328,273,260,238,36,231
2025-02-14T07:30Z,95,43,79,47,273,138,294,177,334,248,325,326,274,262,241,29,231
2025-02-14T08:00Z,100,46,85,62,265,139,294,188,341,248,331,309,246,216,237,28,224
2025-02-14T08:30Z,85,39,87,57,263,139,295,189,340,236,336,307,236,207,234,29,212
2025-02-14T09:00Z,89,41,92,66,270,140,294,191,336,225,336,296,227,203,231,28,217
2025-02-14T09:30Z,111,50,93,61,267,155,297,188,324,221,318,287,228,211,229,25,219
2025-02-14T10:00Z,100,45,92,65,264,149,302,188,316,218,305,284,225,205,225,22,214
2025-02-14T10:30Z,101,44,90,64,261,151,297,186,311,212,304,276,220,202,220,27,222
2025-02-14T11:00Z,117,50,87,56,255,147,296,179,299,202,294,261,214,203,213,27,216
2025-02-14T11:30Z,106,47,89,67,254,151,298,187,299,192,284,261,207,195,210,31,219
2025-02-14T12:00Z,111,52,94,72,257,159,302,194,303,188,269,249,194,173,206,34,225
2025-02-14T12:30Z,117,56,92,76,261,165,301,193,302,183,254,250,192,174,207,31,222
2025-02-14T13:00Z,102,50,93,72,270,167,301,197,312,185,292,243,189,168,209,35,232
2025-02-14T13:30Z,110,54,91,72,274,169,299,199,312,184,292,255,192,170,211,36,235
2025-02-14T14:00Z,107,51,94,74,272,172,299,202,311,181,293,254,195,180,212,35,242
2025-02-14T14:30Z,126,60,99,75,268,174,305,206,306,179,299,264,202,190,217,35,244
2025-02-14T15:00Z,141,66,106,88,264,178,310,213,308,183,306,267,206,195,220,43,249
2025-02-14T15:30Z,135,66,110,98,256,186,309,221,316,196,316,279,213,196,226,47,265
2025-02-14T16:00Z,148,76,113,101,254,202,314,231,320,210,333,286,223,205,232,64,272
2025-02-14T16:30Z,127,67,122,114,256,220,318,248,327,207,345,303,228,212,239,74,285
2025-02-14T17:00Z,134,74,130,120,260,227,319,252,325,206,348,300,227,215,241,81,302
2025-02-14T17:30Z,150,84,124,120,252,219,318,250,326,198,351,309,224,215,240,74,305
2025-02-14T18:00Z,174,99,123,116,250,225,319,248,325,191,354,315,229,228,244,70,311
2025-02-14T18:30Z,162,89,122,113,249,218,320,244,320,189,356,320,230,229,242,69,312
2025-02-14T19:00Z,182,99,120,106,246,199,323,238,315,189,354,324,227,225,239,73,315
2025-02-14T19:30Z,186,99,116,94,244,191,327,236,310,174,355,321,222,230,235,75,317
2025-02-14T20:00Z,172,85,110,65,239,184,330,233,304,165,356,329,223,239,231,73,318
2025-02-14T20:30Z,129,60,105,60,217,173,334,243,307,168,351,333,225,241,227,71,321
2025-02-14T21:00Z,31,27,111,83,225,171,341,257,302,174,337,327,216,227,222,75,324
2025-02-14T21:30Z,11,25,106,59,201,170,345,255,282,178,308,326,218,233,216,68,320
2025-02-14T22:00Z,5,25,97,43,202,164,341,237,251,172,292,319,204,218,204,62,319
2025-02-14T22:30Z,0,23,92,27,174,157,344,228,229,176,286,315,201,209,197,70,316
2025-02-14T23:00Z,1,23,82,23,159,138,345,214,230,175,285,313,208,212,192,72,316
2025-02-14T23:30Z,9,27,77,23,153,133,346,212,211,162,285,315,201,185,188,48,318
2025-02-15T00:00Z,7,28,99,24,150,57,327,179,218,143,292,334,206,231,185,31,305
2025-02-15T00:30Z,28,32,99,23,142,83,339,197,214,138,298,323,199,223,180,109,320
2025-02-15T01:00Z,73,41,96,22,141,77,343,206,203,133,290,318,197,227,180,113,312
2025-02-15T01:30Z,128,56,90,23,148,102,333,186,208,127,286,325,194,224,180,111,297
2025-02-15T02:00Z,207,92,89,26,137,94,337,194,202,119,279,315,179,206,176,132,296
2025-02-15T02:30Z,227,102,93,27,135,107,331,187,215,128,283,309,183,209,178,152,291
2025-02-15T03:00Z,248,110,96,23,139,116,335,196,226,148,289,310,187,199,184,168,294
2025-02-15T03:30Z,297,157,111,23,141,139,337,195,227,150,296,308,185,198,190,181,294
2025-02-15T04:00Z,305,158,110,23,150,142,341,195,238,150,307,317,191,208,195,185,302
2025-02-15T04:30Z,287,132,119,25,153,137,345,208,251,158,306,319,203,224,200,183,314
2025-02-15T05:00Z,283,132,119,23,161,146,348,211,255,165,315,333,226,249,211,181,315
2025-02-15T05:30Z,296,152,122,24,164,160,346,206,251,168,329,337,228,249,215,172,319
2025-02-15T06:00Z,292,144,115,24,179,154,347,204,270,175,336,345,246,276,223,163,340
2025-02-15T06:30Z,278,141,118,25,198,163,349,208,271,181,337,342,249,285,228,156,344
2025-02-15T07:00Z,258,129,117,22,194,183,354,224,272,176,348,341,239,259,227,143,351
2025-02-15T07:30Z,249,121,114,23,216,160,356,227,279,177,355,345,244,260,228,139,354
2025-02-15T08:00Z,231,112,115,22,213,171,356,244,290,173,341,316,203,203,217,134,356
2025-02-15T08:30Z,217,103,110,22,203,221,356,251,285,161,356,307,200,204,217,123,351
2025-02-15T09:00Z,198,95,114,22,210,225,351,249,283,142,357,277,176,179,214,123,345
2025-02-15T09:30Z,188,89,113,22,209,236,350,245,282,184,353,266,183,182,211,122,342
2025-02-15T10:00Z,180,86,113,30,200,241,352,242,282,180,344,253,175,176,206,120,341
2025-02-15T10:30Z,170,83,109,31,197,227,344,241,291,184,331,248,176,173,205,117,330
2025-02-15T11:00Z,163,81,107,30,198,229,336,239,290,183,319,246,174,171,204,112,320
2025-02-15T11:30Z,170,83,110,35,190,222,342,238,290,184,317,246,171,167,203,112,314
2025-02-15T12:00Z,187,88,116,40,189,236,343,243,296,194,310,249,174,171,208,121,324
2025-02-15T12:30Z,188,88,119,36,196,242,354,246,299,195,316,252,179,176,211,123,332
2025-02-15T13:00Z,189,92,123,32,207,261,354,250,302,184,315,263,185,185,215,126,337
2025-02-15T13:30Z,188,94,124,32,206,264,356,249,304,191,311,264,191,187,217,127,335
2025-02-15T14:00Z,186,94,121,26,208,261,360,250,300,182,311,279,187,187,217,128,335
2025-02-15T14:30Z,173,93,119,21,202,253,362,245,295,185,315,285,192,187,216,122,330
2025-02-15T15:00Z,130,69,127,30,205,261,365,256,305,182,324,286,202,199,223,122,339
2025-02-15T15:30Z,128,69,128,27,213,267,371,262,305,185,328,294,208,207,225,112,349
2025-02-15T16:00Z,128,70,135,29,224,276,374,266,309,186,338,293,216,216,231,109,357
2025-02-15T16:30Z,118,67,133,30,241,276,377,264,307,202,347,302,222,217,237,93,355
2025-02-15T17:00Z,116,68,128,22,221,271,379,266,309,219,360,315,239,231,242,90,356
2025-02-15T17:30Z,121,69,131,23,220,280,377,267,309,220,365,316,235,226,242,92,360
2025-02-15T18:00Z,120,68,126,22,215,269,374,254,300,218,363,336,247,240,243,89,357
2025-02-15T18:30Z,121,69,123,22,207,268,373,251,302,216,363,336,245,238,242,86,357
2025-02-15T19:00Z,147,86,125,23,201,264,374,248,293,213,362,335,263,270,245,86,359
2025-02-15T19:30Z,134,77,117,25,195,240,372,236,295,215,362,329,259,266,241,78,343
2025-02-15T20:00Z,116,65,114,25,189,211,375,228,288,214,355,334,269,297,242,69,342
2025-02-15T20:30Z,117,67,114,26,170,183,372,223,282,205,334,329,259,288,234,58,333
2025-02-15T21:00Z,106,60,113,26,157,157,369,217,264,196,315,329,247,268,223,53,331
2025-02-15T21:30Z,70,43,111,23,149,145,367,214,253,191,299,326,245,266,218,44,315
2025-02-15T22:00Z,44,29,97,23,143,110,361,188,246,182,296,317,248,283,210,28,294
2025-02-15T22:30Z,26,22,92,21,143,83,361,175,214,161,283,313,242,278,196,26,292
2025-02-15T23:00Z,14,17,86,22,125,67,354,146,187,167,268,292,190,192,172,15,271
2025-02-15T23:30Z,7,15,74,22,125,62,350,123,169,166,260,280,185,187,163,16,228
2025-02-16T00:00Z,17,17,59,23,119,51,349,107,169,164,232,270,171,161,155,6,207
2025-02-16T00:30Z,13,15,69,22,118,49,342,103,169,157,229,262,159,154,146,38,196
2025-02-16T01:00Z,14,15,65,23,119,46,342,106,171,177,206,236,141,135,144,35,187
2025-02-16T01:30Z,12,13,55,21,113,39,321,75,153,172,190,222,132,126,131,28,167
2025-02-16T02:00Z,11,12,51,22,105,36,306,62,145,154,186,223,130,126,123,25,164
2025-02-16T02:30Z,8,17,47,24,106,32,289,53,143,149,180,216,122,119,119,25,148
2025-02-16T03:00Z,12,26,46,24,108,37,294,54,136,143,174,212,134,137,120,29,154
2025-02-16T03:30Z,49,40,44,29,106,28,224,47,144,103,169,213,126,133,117,28,148
2025-02-16T04:00Z,8,23,33,24,109,34,166,46,153,109,186,232,145,155,118,24,139
2025-02-16T04:30Z,9,24,27,24,107,32,144,42,150,101,199,228,142,154,117,24,103
2025-02-16T05:00Z,12,25,31,24,112,37,120,46,160,101,216,241,155,176,123,23,86
2025-02-16T05:30Z,7,23,32,24,109,33,133,47,163,102,213,238,152,174,125,18,75
2025-02-16T06:00Z,53,39,45,30,108,30,151,49,156,96,214,223,144,169,123,19,102
2025-02-16T06:30Z,33,28,40,26,103,28,170,46,155,95,230,222,140,158,121,15,101
2025-02-16T07:00Z,0,9,34,22,100,31,151,45,154,97,264,233,151,182,125,8,95
2025-02-16T07:30Z,0,12,37,21,104,29,207,45,149,95,231,228,146,181,124,12,92
2025-02-16T08:00Z,0,11,37,22,109,17,201,46,153,104,227,242,147,169,125,7,90
2025-02-16T08:30Z,0,18,36,23,107,25,221,48,160,97,204,236,142,159,123,15,115
2025-02-16T09:00Z,3,11,25,20,99,13,237,38,146,93,178,219,132,139,104,8,138
2025-02-16T09:30Z,1,8,19,18,99,8,254,34,144,81,166,228,132,141,106,6,124
2025-02-16T10:00Z,4,9,25,18,99,16,208,60,150,88,138,227,118,124,101,9,141
2025-02-16T10:30Z,6,9,35,16,95,22,280,70,133,108,111,217,122,121,103,10,163
2025-02-16T11:00Z,0,7,38,13,92,14,287,76,124,98,106,221,123,126,104,10,159
2025-02-16T11:30Z,0,7,47,13,94,20,288,84,126,113,103,220,129,130,106,8,163
2025-02-16T12:00Z,0,7,49,15,95,22,287,85,143,104,93,209,121,124,102,12,173
2025-02-16T12:30Z,0,6,46,16,95,31,279,79,148,140,100,205,128,123,106,12,171
2025-02-16T13:00Z,0,7,53,16,94,38,286,91,141,131,101,209,130,127,110,11,176
2025-02-16T13:30Z,0,7,55,16,97,51,294,98,151,139,111,216,134,129,115,10,184
2025-02-16T14:00Z,0,8,59,15,101,56,308,108,167,147,128,228,141,133,123,11,188
2025-02-16T14:30Z,0,8,64,15,126,65,313,122,178,166,141,232,148,139,132,11,196
2025-02-16T15:00Z,0,13,68,17,134,84,321,139,185,137,165,242,146,147,139,14,215
2025-02-16T15:30Z,0,9,71,17,142,100,328,154,228,143,200,251,154,153,154,11,231
2025-02-16T16:00Z,0,9,77,19,158,102,339,169,242,137,222,259,163,172,166,13,237
2025-02-16T16:30Z,0,9,75,19,164,118,334,169,257,134,259,263,163,173,173,13,235
2025-02-16T17:00Z,0,9,72,18,168,125,329,169,265,133,289,264,162,172,176,17,243
2025-02-16T17:30Z,0,9,74,17,163,118,328,174,266,134,297,267,162,172,177,18,242
2025-02-16T18:00Z,0,9,70,17,159,114,326,165,260,135,300,277,182,207,181,22,241
2025-02-16T18:30Z,0,9,69,17,161,118,325,165,261,139,299,277,182,199,182,22,240
2025-02-16T19:00Z,0,9,68,16,155,110,324,160,255,142,302,281,190,221,183,19,233
2025-02-16T19:30Z,0,10,73,16,159,99,328,164,249,145,275,283,195,230,184,23,224
2025-02-16T20:00Z,0,11,75,17,158,103,328,159,233,143,263,281,196,240,184,24,224
2025-02-16T20:30Z,0,11,80,16,147,63,329,159,228,134,265,287,193,238,181,24,230
2025-02-16T21:00Z,0,19,79,17,144,60,327,149,199,128,252,277,184,235,171,31,223
2025-02-16T21:30Z,0,19,78,17,134,54,330,144,187,116,244,271,176,226,162,34,241
2025-02-16T22:00Z,0,12,66,16,140,42,330,131,182,112,239,261,167,218,155,21,242
2025-02-16T22:30Z,0,11,60,16,130,36,331,131,173,109,231,262,168,218,151,18,240
2025-02-16T23:00Z,0,17,40,19,139,48,318,114,186,119,245,271,182,240,157,21,250
2025-02-16T23:30Z,0,20,41,21,146,55,265,69,180,105,250,292,197,264,156,28,204
2025-02-17T00:00Z,0,28,12,19,164,69,226,61,182,101,266,286,200,272,156,16,159
2025-02-17T00:30Z,0,29,11,19,166,67,253,62,195,120,250,297,203,259,160,47,156
2025-02-17T01:00Z,0,27,14,17,164,53,302,81,205,126,242,285,191,232,156,53,210
2025-02-17T01:30Z,0,25,39,17,152,66,321,114,192,124,235,263,182,223,153,42,250
2025-02-17T02:00Z,0,27,47,17,163,51,306,99,190,119,234,270,188,227,154,49,218
2025-02-17T02:30Z,0,27,51,17,160,76,311,111,185,124,220,260,185,218,153,45,223
2025-02-17T03:00Z,0,26,55,18,155,83,308,112,180,122,210,250,174,203,147,36,230
2025-02-17T03:30Z,0,26,53,20,161,74,286,89,182,117,211,252,166,186,143,49,197
2025-02-17T04:00Z,0,26,50,21,168,80,296,97,197,129,226,267,186,215,156,50,212
2025-02-17T04:30Z,0,27,31,22,181,77,288,88,214,138,237,279,196,225,160,48,208
2025-02-17T05:00Z,0,38,32,28,196,82,297,104,245,161,252,289,224,276,180,59,225
2025-02-17T05:30Z,0,38,65,29,198,95,325,148,251,169,241,290,224,268,189,64,271
2025-02-17T06:00Z,0,41,77,36,211,108,327,164,272,173,272,310,235,282,199,69,268
2025-02-17T06:30Z,0,42,78,36,217,112,327,176,296,180,292,310,242,288,211,59,242
2025-02-17T07:00Z,0,30,77,28,227,137,322,183,300,186,323,314,244,285,216,51,248
2025-02-17T07:30Z,5,27,73,27,226,138,320,178,302,192,346,312,250,289,219,49,258
2025-02-17T08:00Z,6,16,75,20,240,158,321,186,311,201,349,319,260,294,230,40,270
2025-02-17T08:30Z,11,19,68,20,235,159,319,177,305,202,332,307,256,288,226,41,270
2025-02-17T09:00Z,11,13,62,16,229,155,315,168,299,197,303,293,243,266,215,32,263
2025-02-17T09:30Z,16,14,63,15,225,146,307,165,291,189,288,284,233,252,207,33,255
2025-02-17T10:00Z,17,14,59,15,219,139,298,156,277,185,275,274,224,241,202,32,248
2025-02-17T10:30Z,21,15,63,18,223,133,288,160,279,187,257,270,220,236,195,28,238
2025-02-17T11:00Z,20,15,63,21,223,118,281,155,276,194,247,269,221,235,190,28,223
2025-02-17T11:30Z,24,16,61,17,226,104,280,146,275,199,243,263,222,229,190,27,207
2025-02-17T12:00Z,27,17,62,19,228,109,283,149,279,195,237,248,211,208,187,27,217
2025-02-17T12:30Z,33,20,69,33,216,83,289,161,286,193,248,250,213,212,188,30,224
2025-02-17T13:00Z,31,20,69,26,197,87,287,167,288,188,243,226,192,186,180,30,211
2025-02-17T13:30Z,47,26,73,34,202,98,290,172,289,196,236,234,195,183,186,31,212
2025-02-17T14:00Z,55,30,75,21,216,107,299,171,288,187,239,261,217,217,194,34,223
2025-02-17T14:30Z,54,30,76,22,218,106,299,174,293,199,249,267,224,219,202,29,224
2025-02-17T15:00Z,46,27,82,34,223,115,303,191,308,214,269,278,214,193,207,27,228
2025-02-17T15:30Z,45,29,93,51,222,126,306,204,320,218,297,297,227,211,217,30,229
2025-02-17T16:00Z,55,36,89,60,220,128,315,203,316,229,314,320,246,235,227,31,242
2025-02-17T16:30Z,57,34,88,59,228,144,319,198,310,233,330,321,249,240,229,28,257
2025-02-17T17:00Z,67,40,84,45,230,138,326,186,303,238,343,317,280,305,237,21,263
2025-02-17T17:30Z,66,37,81,35,229,145,328,184,302,239,354,317,281,306,239,24,261
2025-02-17T18:00Z,80,43,74,32,222,158,325,177,297,236,356,311,275,297,236,18,258
2025-02-17T18:30Z,83,44,69,32,219,160,321,172,295,239,356,309,276,296,236,17,256
2025-02-17T19:00Z,57,31,64,23,208,156,321,171,292,243,357,306,280,306,233,16,257
2025-02-17T19:30Z,36,22,62,20,203,142,324,167,292,238,357,307,280,310,231,16,248
2025-02-17T20:00Z,52,33,68,27,185,128,331,167,291,234,353,309,280,316,231,19,246
2025-02-17T20:30Z,50,41,75,29,178,115,335,171,284,230,347,307,276,311,227,30,262
2025-02-17T21:00Z,47,50,77,30,161,87,336,161,264,223,285,293,265,302,214,35,245
2025-02-17T21:30Z,26,31,70,22,158,102,336,161,247,198,273,291,251,292,203,24,247
2025-02-17T22:00Z,36,38,52,25,157,66,335,143,227,185,262,275,237,287,191,27,237
2025-02-17T22:30Z,26,32,39,21,166,60,337,141,217,176,261,275,234,284,187,26,234
2025-02-17T23:00Z,17,28,17,18,171,54,324,105,223,163,255,263,225,284,175,27,228
2025-02-17T23:30Z,26,32,13,20,172,61,295,75,219,155,251,264,228,292,174,33,154
2025-02-18T00:00Z,17,36,16,23,141,60,269,65,227,159,232,253,233,303,173,30,103
2025-02-18T00:30Z,18,43,20,25,145,62,264,63,226,162,238,255,237,307,175,34,116
2025-02-18T01:00Z,14,32,22,22,146,60,263,58,213,160,214,236,228,303,167,25,139
2025-02-18T01:30Z,49,42,27,26,136,61,259,55,201,145,213,222,207,283,162,21,97
2025-02-18T02:00Z,63,48,30,29,136,59,278,58,190,134,215,221,205,287,162,23,88
2025-02-18T02:30Z,64,48,30,29,139,62,274,59,196,133,224,226,201,281,164,22,88
2025-02-18T03:00Z,60,45,31,29,146,59,268,56,196,126,223,223,190,270,161,19,70
2025-02-18T03:30Z,59,45,30,28,141,59,273,57,188,122,225,222,183,263,156,19,86
2025-02-18T04:00Z,64,49,32,31,155,67,274,64,195,126,237,231,190,270,163,19,92
2025-02-18T04:30Z,65,49,31,31,160,66,280,67,198,133,266,240,198,277,168,23,98
2025-02-18T05:00Z,66,53,31,36,168,76,282,77,216,142,268,246,207,286,176,27,97
2025-02-18T05:30Z,85,60,36,40,184,74,283,79,221,144,286,269,221,296,187,25,102
2025-02-18T06:00Z,93,69,44,49,196,83,295,100,248,157,292,283,228,285,196,32,153
2025-02-18T06:30Z,79,56,57,40,179,97,324,135,248,165,284,277,222,269,198,24,204
2025-02-18T07:00Z,66,42,60,30,174,102,324,140,242,157,316,278,214,250,195,14,227
2025-02-18T07:30Z,61,35,59,26,168,96,320,134,244,158,317,272,206,236,191,9,215
2025-02-18T08:00Z,59,33,61,22,153,98,319,132,237,156,289,264,207,248,190,9,215
2025-02-18T08:30Z,60,34,66,21,154,109,317,138,236,173,235,263,217,260,186,12,219
2025-02-18T09:00Z,58,32,68,22,156,103,313,143,238,144,205,254,184,206,178,11,210
2025-02-18T09:30Z,50,29,67,23,159,92,306,146,228,155,170,251,179,190,165,14,209
2025-02-18T10:00Z,53,29,61,21,146,83,290,123,188,144,127,217,152,149,143,13,196
2025-02-18T10:30Z,45,25,56,19,134,72,275,108,174,138,97,198,140,127,128,12,192
2025-02-18T11:00Z,34,19,50,17,120,58,260,94,158,130,76,181,131,119,115,12,180
2025-02-18T11:30Z,26,16,50,17,123,50,248,94,145,132,61,164,124,106,107,11,182
2025-02-18T12:00Z,6,9,47,15,123,47,241,97,140,128,60,165,120,109,104,12,172
2025-02-18T12:30Z,0,6,47,15,125,47,240,97,150,128,60,158,120,109,104,11,168
2025-02-18T13:00Z,0,7,47,18,134,40,248,104,154,130,76,158,121,113,107,13,164
2025-02-18T13:30Z,0,7,47,18,137,49,250,103,149,131,84,164,124,117,110,14,165
2025-02-18T14:00Z,0,7,52,18,145,59,258,110,151,131,100,180,133,127,117,13,171
2025-02-18T14:30Z,0,8,51,15,144,65,260,109,160,134,126,183,140,133,123,16,182
2025-02-18T15:00Z,0,10,68,19,162,81,286,151,185,110,167,218,142,146,137,17,216
2025-02-18T15:30Z,0,11,81,19,165,100,299,164,205,119,200,233,155,158,152,20,231
2025-02-18T16:00Z,0,11,93,19,157,109,311,184,229,118,224,244,161,169,162,22,250
2025-02-18T16:30Z,0,11,92,19,171,118,318,185,245,130,231,255,174,185,174,14,229
2025-02-18T17:00Z,0,10,77,18,166,141,318,181,259,135,262,272,185,203,181,11,235
2025-02-18T17:30Z,0,10,75,18,159,141,318,179,265,138,276,277,184,198,184,10,221
2025-02-18T18:00Z,0,9,71,16,162,139,311,165,255,137,273,272,184,208,181,9,223
2025-02-18T18:30Z,0,8,68,16,128,129,313,163,257,132,261,278,180,206,177,8,222
2025-02-18T19:00Z,0,8,66,14,120,127,314,152,230,131,254,272,177,206,171,7,221
2025-02-18T19:30Z,0,8,63,14,115,117,310,142,224,119,253,266,165,194,164,8,198
2025-02-18T20:00Z,0,7,61,14,108,98,301,122,200,122,235,247,156,181,152,8,196
2025-02-18T20:30Z,0,7,53,14,101,88,288,101,186,113,229,233,146,172,142,6,183
2025-02-18T21:00Z,0,6,39,13,93,87,276,83,166,104,225,202,135,172,127,6,174
2025-02-18T21:30Z,0,10,26,15,90,68,269,67,148,95,213,180,127,174,116,7,162
2025-02-18T22:00Z,0,16,14,17,84,49,236,39,129,89,199,153,116,167,102,12,128
2025-02-18T22:30Z,0,24,14,20,80,38,154,33,111,73,172,126,98,152,87,20,62
2025-02-18T23:00Z,0,23,14,21,79,32,116,29,102,65,163,131,94,150,82,19,46
2025-02-18T23:30Z,0,14,10,17,81,28,101,24,89,67,154,128,98,161,81,11,30
2025-02-19T00:00Z,0,5,5,16,79,30,72,26,95,76,153,132,105,159,82,4,24
2025-02-19T00:30Z,0,10,6,17,78,31,61,26,95,79,161,138,112,171,86,10,5
2025-02-19T01:00Z,0,5,4,15,82,19,74,21,102,68,162,140,111,185,88,7,5
2025-02-19T01:30Z,0,5,4,16,77,17,100,17,92,58,153,125,94,165,79,7,9
2025-02-19T02:00Z,0,4,4,16,76,13,98,16,94,65,147,123,96,157,79,5,9
2025-02-19T02:30Z,0,4,10,16,77,12,78,20,101,67,143,128,98,164,81,5,17
2025-02-19T03:00Z,0,3,11,15,76,15,126,24,115,52,136,125,81,138,78,8,26
2025-02-19T03:30Z,0,4,14,15,78,11,116,21,97,47,138,126,81,141,75,5,34
2025-02-19T04:00Z,0,3,14,15,80,12,104,23,103,50,146,139,81,148,80,6,24
2025-02-19T04:30Z,0,3,15,15,79,12,123,24,101,44,143,136,72,137,78,5,15
2025-02-19T05:00Z,0,2,19,17,81,12,140,27,106,46,159,156,76,154,86,6,17
2025-02-19T05:30Z,0,3,23,17,87,16,159,34,121,55,191,188,96,181,102,5,31
2025-02-19T06:00Z,0,3,32,17,97,21,286,61,139,72,218,212,125,211,128,6,39
2025-02-19T06:30Z,0,2,27,17,114,18,252,51,176,92,269,251,158,246,143,4,93
2025-02-19T07:00Z,0,1,24,14,106,28,277,61,197,112,277,245,171,255,146,4,141
2025-02-19T07:30Z,0,1,27,14,111,33,304,80,199,113,291,245,172,257,148,1,202
2025-02-19T08:00Z,0,1,32,12,107,26,323,98,201,135,238,222,168,212,143,1,202
2025-02-19T08:30Z,0,1,44,12,104,33,334,105,193,138,204,217,169,208,141,6,198
2025-02-19T09:00Z,0,2,40,13,111,52,338,100,185,149,185,208,170,192,139,8,187
2025-02-19T09:30Z,0,2,42,12,109,71,332,96,196,149,175,210,166,182,139,7,195
2025-02-19T10:00Z,0,2,45,13,114,63,333,98,192,150,178,220,163,172,138,8,213
2025-02-19T10:30Z,0,3,48,14,111,65,337,97,186,155,169,221,167,173,139,8,207
2025-02-19T11:00Z,0,3,51,14,114,64,343,109,192,160,169,231,169,170,143,12,215
2025-02-19T11:30Z,0,3,56,14,119,50,351,120,189,163,167,239,176,179,147,8,221
2025-02-19T12:00Z,0,3,52,13,117,65,350,116,198,167,159,239,182,189,148,10,229
2025-02-19T12:30Z,0,3,53,13,119,57,343,117,198,164,153,238,180,189,147,8,221
2025-02-19T13:00Z,0,5,53,14,114,57,338,125,186,161,147,239,180,190,145,8,220
2025-02-19T13:30Z,0,7,52,15,113,57,336,120,177,164,147,235,182,191,144,9,218
2025-02-19T14:00Z,0,7,56,15,107,56,339,122,178,166,164,244,188,201,147,11,232
2025-02-19T14:30Z,0,7,57,15,109,59,335,120,183,172,183,245,196,212,152,12,233
2025-02-19T15:00Z,0,8,59,15,109,62,334,132,201,180,223,271,208,236,164,12,241
2025-02-19T15:30Z,0,7,57,15,118,65,332,122,214,175,253,268,210,237,170,11,248
2025-02-19T16:00Z,0,7,56,15,118,78,330,119,226,143,281,262,203,251,170,9,228
2025-02-19T16:30Z,0,7,55,15,129,85,326,122,239,156,285,265,210,256,176,10,223
2025-02-19T17:00Z,0,7,58,15,128,98,322,129,248,167,290,278,215,253,187,9,223
2025-02-19T17:30Z,0,7,58,15,149,96,318,128,251,187,303,276,226,258,191,9,213
2025-02-19T18:00Z,0,7,55,15,143,92,314,125,252,194,294,272,227,256,191,8,210
2025-02-19T18:30Z,0,7,53,15,142,82,310,117,249,188,283,264,221,249,187,9,207
2025-02-19T19:00Z,0,7,53,14,120,79,310,117,242,183,286,260,224,281,186,10,209
2025-02-19T19:30Z,0,6,51,14,117,66,307,106,227,164,268,246,209,273,174,11,192
2025-02-19T20:00Z,0,10,45,14,99,60,300,89,191,158,256,226,197,263,159,9,178
2025-02-19T20:30Z,0,9,31,14,93,47,297,74,169,136,242,206,181,255,143,10,161
2025-02-19T21:00Z,0,8,22,14,93,44,285,62,154,113,233,189,163,238,130,11,143
2025-02-19T21:30Z,0,7,9,13,91,43,229,29,127,99,224,163,159,250,114,9,126
2025-02-19T22:00Z,0,6,4,12,89,40,129,26,114,106,219,167,165,253,109,9,53
2025-02-19T22:30Z,0,5,4,10,78,36,105,24,104,96,211,157,156,233,101,10,14
2025-02-19T23:00Z,0,5,3,7,64,34,70,21,94,71,203,136,136,235,90,10,20
2025-02-19T23:30Z,0,5,6,7,67,25,56,19,93,70,239,148,144,242,96,14,8
2025-02-20T00:00Z,0,6,6,7,67,19,27,18,96,75,235,136,137,230,92,5,10
2025-02-20T00:30Z,0,10,6,9,73,16,9,15,85,74,251,155,143,235,93,9,26
2025-02-20T01:00Z,0,16,10,11,75,11,35,16,96,78,246,160,144,232,96,14,34
2025-02-20T01:30Z,0,10,7,9,72,10,33,16,101,73,246,167,135,219,94,10,29
2025-02-20T02:00Z,0,16,13,11,72,17,39,22,94,71,252,165,133,222,97,14,8
2025-02-20T02:30Z,0,18,14,11,72,16,37,23,96,66,249,164,127,220,95,18,17
2025-02-20T03:00Z,0,19,15,12,72,27,42,28,94,66,254,167,132,226,99,25,15
2025-02-20T03:30Z,0,25,18,14,73,28,31,30,97,66,253,166,123,210,94,23,21
2025-02-20T04:00Z,0,25,18,14,72,34,33,33,97,66,282,167,123,208,97,25,19
2025-02-20T04:30Z,0,24,17,13,70,38,29,34,96,58,269,168,115,198,93,21,22
2025-02-20T05:00Z,0,26,19,14,64,33,32,32,87,50,229,146,96,176,82,24,16
2025-02-20T05:30Z,0,26,20,15,67,35,24,33,84,48,198,148,92,170,80,24,17
2025-02-20T06:00Z,0,23,22,15,72,37,24,35,86,50,220,149,95,175,85,25,14
2025-02-20T06:30Z,0,24,22,16,72,37,54,36,97,56,212,152,101,180,88,23,43
2025-02-20T07:00Z,0,18,19,15,64,33,81,31,89,43,172,122,77,144,73,16,55
2025-02-20T07:30Z,0,12,21,13,62,28,120,28,88,41,138,113,72,130,69,11,53
2025-02-20T08:00Z,0,5,13,11,67,28,120,26,95,51,117,125,86,141,72,5,60
2025-02-20T08:30Z,0,4,13,11,66,27,146,26,100,55,109,124,87,139,72,4,78
2025-02-20T09:00Z,0,4,11,11,65,26,162,27,104,71,112,117,91,125,74,3,81
2025-02-20T09:30Z,0,4,12,11,66,28,179,27,105,76,113,119,97,129,78,4,89
2025-02-20T10:00Z,0,4,12,11,66,28,193,25,103,66,106,115,87,123,74,4,93
2025-02-20T10:30Z,0,4,10,10,65,22,177,22,100,62,80,115,84,120,70,3,85
2025-02-20T11:00Z,0,4,12,10,66,24,165,23,91,73,76,114,96,132,76,4,82
2025-02-20T11:30Z,0,4,11,10,67,24,129,23,92,89,77,116,106,135,75,4,71
2025-02-20T12:00Z,0,4,8,10,67,24,106,22,91,80,75,115,99,127,72,4,62
2025-02-20T12:30Z,0,4,8,10,66,22,116,20,84,74,68,108,93,121,69,4,62
2025-02-20T13:00Z,0,4,9,10,69,24,106,22,85,70,68,116,93,126,69,4,54
2025-02-20T13:30Z,0,4,7,11,71,24,87,22,87,70,70,117,95,132,70,5,39
2025-02-20T14:00Z,0,5,6,11,71,26,89,22,90,73,73,121,99,140,73,6,32
2025-02-20T14:30Z,0,5,5,11,69,26,114,21,87,70,68,115,95,137,72,5,33
2025-02-20T15:00Z,0,9,6,12,69,33,113,24,88,41,60,112,75,124,66,8,37
2025-02-20T15:30Z,0,9,6,12,68,32,105,25,98,49,62,115,79,123,68,8,48
2025-02-20T16:00Z,0,4,5,11,66,29,166,24,110,66,90,114,88,131,74,4,82
2025-02-20T16:30Z,0,4,4,11,69,30,207,25,113,69,123,117,92,135,79,4,94
2025-02-20T17:00Z,0,4,12,11,70,44,262,36,115,100,162,135,116,144,94,4,100
2025-02-20T17:30Z,0,4,22,11,72,44,256,40,128,105,183,141,118,140,100,4,96
2025-02-20T18:00Z,0,4,24,12,73,41,261,41,128,116,202,145,126,143,105,4,98
2025-02-20T18:30Z,0,4,25,11,72,39,249,40,123,115,199,144,123,139,102,4,98
2025-02-20T19:00Z,0,4,22,11,70,37,247,38,124,114,190,147,123,135,101,4,96
2025-02-20T19:30Z,0,4,18,9,66,34,244,33,118,112,181,138,122,137,97,4,86
2025-02-20T20:00Z,0,4,3,8,63,31,210,26,113,114,199,143,124,139,94,4,81
2025-02-20T20:30Z,0,4,3,7,62,32,143,26,106,109,221,145,123,147,93,4,53
2025-02-20T21:00Z,0,4,2,6,64,36,99,26,94,109,259,155,133,180,95,4,42
2025-02-20T21:30Z,0,6,3,7,62,32,92,22,86,106,268,135,128,174,92,5,37
2025-02-20T22:00Z,0,11,6,9,68,31,96,23,92,86,288,135,119,186,92,9,35
2025-02-20T22:30Z,0,15,7,10,67,39,38,27,90,83,294,128,116,183,89,12,24
2025-02-20T23:00Z,0,16,11,11,69,43,45,31,90,42,295,127,91,175,83,14,28
2025-02-20T23:30Z,0,15,10,10,72,45,43,31,81,44,301,132,99,189,87,13,8
2025-02-21T00:00Z,0,21,10,13,72,29,58,24,85,57,240,123,114,211,87,18,11
2025-02-21T00:30Z,0,29,13,16,73,29,34,27,87,59,242,134,120,217,87,25,11
2025-02-21T01:00Z,0,25,12,15,73,31,35,28,94,61,222,138,118,210,89,22,13
2025-02-21T01:30Z,0,20,11,13,74,31,37,27,93,60,221,143,117,209,89,17,16
2025-02-21T02:00Z,0,24,12,16,76,36,51,31,97,63,221,145,118,209,91,20,21
2025-02-21T02:30Z,0,22,12,17,76,37,55,32,99,61,220,148,112,201,89,17,14
2025-02-21T03:00Z,0,22,12,19,81,38,32,34,102,62,228,149,110,194,90,19,12
2025-02-21T03:30Z,0,19,12,19,78,32,42,30,99,62,225,146,110,191,88,17,13
2025-02-21T04:00Z,0,21,13,19,78,36,43,33,104,66,236,154,113,197,93,19,14
2025-02-21T04:30Z,0,25,19,21,69,36,44,33,89,58,206,130,97,178,83,20,19
2025-02-21T05:00Z,0,25,17,19,58,33,37,30,86,53,175,112,81,149,71,22,13
2025-02-21T05:30Z,0,21,18,16,60,35,31,32,88,59,187,119,86,152,76,19,10
2025-02-21T06:00Z,0,14,19,12,58,36,41,33,88,60,187,133,89,153,79,12,6
2025-02-21T06:30Z,0,13,22,12,59,41,63,37,100,72,187,140,100,163,87,11,21
2025-02-21T07:00Z,0,5,21,10,53,43,91,36,99,67,175,121,92,150,81,4,36
2025-02-21T07:30Z,0,4,26,10,57,51,133,42,101,62,180,126,90,148,85,3,62
2025-02-21T08:00Z,0,4,25,9,55,49,134,41,97,58,172,121,88,147,81,3,58
2025-02-21T08:30Z,0,4,18,9,58,50,144,39,105,59,179,131,92,143,84,4,67
2025-02-21T09:00Z,0,4,13,9,62,49,109,37,97,78,189,142,108,149,83,4,64
2025-02-21T09:30Z,0,5,10,9,65,45,95,34,87,78,186,143,109,151,84,4,58
2025-02-21T10:00Z,0,5,11,9,58,42,92,31,72,63,159,123,94,139,74,3,55
2025-02-21T10:30Z,0,5,9,9,61,41,90,32,73,61,151,128,95,141,72,3,54
2025-02-21T11:00Z,0,4,8,9,56,33,74,27,66,89,132,118,107,131,72,3,44
2025-02-21T11:30Z,0,4,6,8,58,34,71,27,64,89,131,117,107,130,71,3,42
2025-02-21T12:00Z,0,2,6,8,57,33,67,27,65,96,125,114,110,129,71,3,43
2025-02-21T12:30Z,0,2,6,7,56,31,61,26,65,96,121,113,108,125,65,5,43
2025-02-21T13:00Z,0,3,8,8,56,29,56,25,64,78,114,108,94,118,64,5,42
2025-02-21T13:30Z,0,4,8,8,54,28,51,23,61,72,106,98,89,114,61,5,41
2025-02-21T14:00Z,0,4,8,8,56,26,54,23,66,39,103,101,70,116,57,3,42
2025-02-21T14:30Z,0,4,8,8,58,33,52,25,67,44,93,105,77,124,60,3,43
2025-02-21T15:00Z,0,4,9,8,61,32,56,25,75,50,103,110,82,129,65,4,35
2025-02-21T15:30Z,0,5,8,8,61,34,46,26,74,47,162,120,81,130,67,2,47
2025-02-21T16:00Z,0,5,8,8,59,35,41,26,69,39,194,117,75,115,65,2,44
2025-02-21T16:30Z,0,5,8,7,58,43,65,31,74,34,205,118,69,108,66,2,57
2025-02-21T17:00Z,0,4,6,7,52,38,124,31,88,59,202,109,79,101,65,2,82
2025-02-21T17:30Z,0,4,16,7,51,36,156,34,92,65,199,115,81,100,73,1,77
2025-02-21T18:00Z,0,3,16,7,49,34,164,31,83,80,180,108,88,98,78,1,82
2025-02-21T18:30Z,0,3,13,7,48,31,174,28,79,102,183,107,102,104,77,1,86
2025-02-21T19:00Z,0,3,6,7,48,28,164,22,76,89,176,104,96,110,73,2,78
2025-02-21T19:30Z,0,3,4,7,45,22,126,17,69,85,159,95,94,112,68,1,57
2025-02-21T20:00Z,0,3,4,7,49,24,55,18,59,70,170,92,84,115,62,1,41
2025-02-21T20:30Z,0,3,4,7,47,26,50,17,53,67,169,89,82,114,61,1,36
2025-02-21T21:00Z,0,3,4,7,50,22,37,16,55,44,175,85,61,103,54,1,34
2025-02-21T21:30Z,0,3,3,7,49,25,34,17,54,43,165,82,61,101,53,1,34
2025-02-21T22:00Z,0,3,2,8,52,29,34,19,60,36,189,84,56,111,54,1,38
2025-02-21T22:30Z,0,3,2,7,53,31,17,19,62,36,168,89,57,118,55,1,37
2025-02-21T23:00Z,0,4,3,8,60,36,17,23,71,43,190,94,70,139,63,2,28
2025-02-21T23:30Z,0,4,3,7,60,31,29,21,71,43,179,96,69,134,62,2,22
2025-02-22T00:00Z,0,5,9,12,56,26,74,21,71,16,114,91,61,154,59,3,22
2025-02-22T00:30Z,0,5,10,11,61,13,65,18,83,20,142,117,76,168,66,4,22
2025-02-22T01:00Z,0,4,11,10,61,15,64,19,87,32,152,125,79,170,71,4,17
2025-02-22T01:30Z,0,4,17,9,67,18,98,25,93,32,140,126,73,138,70,3,31
2025-02-22T02:00Z,0,4,16,9,63,18,45,23,88,45,167,129,83,158,74,4,11
2025-02-22T02:30Z,0,3,11,9,57,24,63,22,83,40,172,138,82,155,73,3,16
2025-02-22T03:00Z,0,3,9,8,59,27,84,22,85,42,181,128,86,169,75,3,24
2025-02-22T03:30Z,0,3,11,8,64,28,85,23,94,46,182,135,90,164,75,3,60
2025-02-22T04:00Z,0,3,11,8,61,32,127,24,93,46,185,134,90,159,77,3,57
2025-02-22T04:30Z,0,3,12,8,62,34,169,25,94,47,192,139,95,170,80,3,84
2025-02-22T05:00Z,0,3,13,8,61,36,140,26,100,51,194,139,100,176,80,3,87
2025-02-22T05:30Z,0,3,15,8,65,33,150,26,102,49,201,156,101,168,82,3,90
2025-02-22T06:00Z,0,3,12,8,57,27,99,22,97,73,187,138,117,178,79,3,72
2025-02-22T06:30Z,0,3,11,8,57,28,86,23,108,83,212,154,136,219,85,3,64
2025-02-22T07:00Z,0,3,13,8,61,30,104,28,122,155,246,173,180,209,106,3,79
2025-02-22T07:30Z,0,3,17,8,69,22,175,27,136,167,251,183,183,205,113,3,102
2025-02-22T08:00Z,0,3,15,8,66,25,191,24,134,181,237,171,187,200,116,3,89
2025-02-22T08:30Z,0,3,15,7,63,22,186,22,125,176,205,159,187,199,109,3,84
2025-02-22T09:00Z,0,3,19,8,65,18,183,22,126,152,169,158,175,193,103,3,90
2025-02-22T09:30Z,0,3,19,8,66,19,187,25,124,152,150,165,147,141,100,3,99
2025-02-22T10:00Z,0,3,19,8,65,19,199,22,113,125,131,164,143,151,93,5,94
2025-02-22T10:30Z,0,1,14,8,66,17,121,21,112,116,108,162,122,120,86,4,70
2025-02-22T11:00Z,0,1,17,8,70,23,112,26,115,77,106,164,120,127,83,5,74
2025-02-22T11:30Z,0,1,18,8,69,22,111,27,112,78,96,166,123,128,82,6,78
2025-02-22T12:00Z,0,1,17,8,69,15,82,29,112,96,103,160,134,140,83,8,66
2025-02-22T12:30Z,0,1,17,8,74,20,92,36,113,93,97,152,127,135,82,9,65
2025-02-22T13:00Z,0,1,16,8,76,25,77,37,110,111,95,149,128,135,83,10,64
2025-02-22T13:30Z,0,1,15,8,69,26,66,32,101,98,87,134,120,130,78,9,50
2025-02-22T14:00Z,0,1,12,8,74,27,63,28,104,42,92,143,112,141,71,10,54
2025-02-22T14:30Z,0,1,11,8,77,31,56,29,102,45,86,143,111,135,70,9,47
2025-02-22T15:00Z,0,1,9,8,81,28,47,37,106,41,90,135,101,117,68,8,39
2025-02-22T15:30Z,0,1,11,8,91,32,54,43,125,51,117,149,112,127,79,7,48
2025-02-22T16:00Z,0,2,19,8,104,42,70,56,156,66,169,185,131,144,99,9,64
2025-02-22T16:30Z,0,1,18,8,119,51,147,73,203,76,212,201,142,156,119,10,70
2025-02-22T17:00Z,0,1,18,8,126,60,188,87,221,116,257,229,160,171,138,5,112
2025-02-22T17:30Z,0,3,42,8,124,64,284,95,225,120,293,232,157,170,144,6,153
2025-02-22T18:00Z,0,5,38,9,132,47,289,88,214,122,281,224,141,150,139,5,172
2025-02-22T18:30Z,0,5,38,9,131,44,294,84,212,110,272,216,134,148,136,5,171
2025-02-22T19:00Z,0,4,35,9,106,36,295,68,193,102,302,237,129,145,131,5,166
2025-02-22T19:30Z,0,4,32,9,102,32,271,60,185,101,283,227,123,140,123,5,180
2025-02-22T20:00Z,0,5,26,9,104,36,264,57,177,115,303,230,127,141,123,6,203
2025-02-22T20:30Z,0,5,25,9,101,42,253,53,171,110,298,215,122,137,118,6,178
2025-02-22T21:00Z,0,4,22,9,94,39,218,48,164,103,284,195,112,127,109,5,158
2025-02-22T21:30Z,0,4,15,9,79,33,188,33,136,100,262,170,112,128,98,5,132
2025-02-22T22:00Z,0,7,11,9,80,30,159,25,115,81,258,145,104,149,88,8,110
2025-02-22T22:30Z,0,18,12,12,72,44,134,29,95,69,230,137,95,142,81,17,101
2025-02-22T23:00Z,0,18,14,12,73,50,138,32,94,37,215,115,66,121,70,17,115
2025-02-22T23:30Z,0,11,9,10,65,49,135,29,80,32,189,118,64,119,65,10,115