,Consumption (kwh),Estimated Cost Inc. Tax (p),Start,End,Datetime (UTC),East England,CO2 Emissions
0,0.054,1.32,2025-02-10T00:00,2025-02-10T00:30,2025-02-10T00:00,104,5.616
1,0.065,1.58,2025-02-10T00:30,2025-02-10T01:00,2025-02-10T00:30,106,6.890000000000001
2,0.062,1.51,2025-02-10T01:00,2025-02-10T01:30,2025-02-10T01:00,108,6.696
3,0.051,1.24,2025-02-10T01:30,2025-02-10T02:00,2025-02-10T01:30,106,5.406
4,0.076,1.85,2025-02-10T02:00,2025-02-10T02:30,2025-02-10T02:00,106,8.056
5,0.048,1.17,2025-02-10T02:30,2025-02-10T03:00,2025-02-10T02:30,105,5.04
6,0.113,2.75,2025-02-10T03:00,2025-02-10T03:30,2025-02-10T03:00,103,11.639000000000001
7,0.086,2.09,2025-02-10T03:30,2025-02-10T04:00,2025-02-10T03:30,104,8.943999999999999
8,0.057,1.39,2025-02-10T04:00,2025-02-10T04:30,2025-02-10T04:00,100,5.7
9,0.098,2.39,2025-02-10T04:30,2025-02-10T05:00,2025-02-10T04:30,99,9.702
10,0.111,2.7,2025-02-10T05:00,2025-02-10T05:30,2025-02-10T05:00,75,8.325
11,0.093,2.27,2025-02-10T05:30,2025-02-10T06:00,2025-02-10T05:30,76,7.068
12,0.082,2.0,2025-02-10T06:00,2025-02-10T06:30,2025-02-10T06:00,70,5.74
13,0.08,1.95,2025-02-10T06:30,2025-02-10T07:00,2025-02-10T06:30,79,6.32
14,0.083,2.02,2025-02-10T07:00,2025-02-10T07:30,2025-02-10T07:00,87,7.221
15,0.163,3.97,2025-02-10T07:30,2025-02-10T08:00,2025-02-10T07:30,98,15.974
16,0.345,8.4,2025-02-10T08:00,2025-02-10T08:30,2025-02-10T08:00,96,33.12
17,0.388,9.45,2025-02-10T08:30,2025-02-10T09:00,2025-02-10T08:30,102,39.576
18,0.324,7.89,2025-02-10T09:00,2025-02-10T09:30,2025-02-10T09:00,153,49.572
19,0.349,8.5,2025-02-10T09:30,2025-02-10T10:00,2025-02-10T09:30,157,54.793
20,0.566,13.79,2025-02-10T10:00,2025-02-10T10:30,2025-02-10T10:00,158,89.428
21,0.558,13.59,2025-02-10T10:30,2025-02-10T11:00,2025-02-10T10:30,159,88.72200000000001
22,0.847,20.63,2025-02-10T11:00,2025-02-10T11:30,2025-02-10T11:00,150,127.05
23,0.306,7.45,2025-02-10T11:30,2025-02-10T12:00,2025-02-10T11:30,149,45.594
24,0.246,5.99,2025-02-10T12:00,2025-02-10T12:30,2025-02-10T12:00,153,37.638
25,0.199,4.85,2025-02-10T12:30,2025-02-10T13:00,2025-02-10T12:30,149,29.651
26,0.17,4.14,2025-02-10T13:00,2025-02-10T13:30,2025-02-10T13:00,150,25.500000000000004
27,0.18,4.38,2025-02-10T13:30,2025-02-10T14:00,2025-02-10T13:30,147,26.459999999999997
28,0.295,7.19,2025-02-10T14:00,2025-02-10T14:30,2025-02-10T14:00,150,44.25
29,0.192,4.68,2025-02-10T14:30,2025-02-10T15:00,2025-02-10T14:30,151,28.992
30,0.147,3.58,2025-02-10T15:00,2025-02-10T15:30,2025-02-10T15:00,143,21.020999999999997
31,0.256,6.24,2025-02-10T15:30,2025-02-10T16:00,2025-02-10T15:30,154,39.424
32,0.216,5.26,2025-02-10T16:00,2025-02-10T16:30,2025-02-10T16:00,155,33.48
33,0.227,5.53,2025-02-10T16:30,2025-02-10T17:00,2025-02-10T16:30,162,36.774
34,0.269,6.55,2025-02-10T17:00,2025-02-10T17:30,2025-02-10T17:00,171,45.999
35,0.223,5.43,2025-02-10T17:30,2025-02-10T18:00,2025-02-10T17:30,176,39.248
36,0.243,5.92,2025-02-10T18:00,2025-02-10T18:30,2025-02-10T18:00,175,42.525
37,0.619,15.08,2025-02-10T18:30,2025-02-10T19:00,2025-02-10T18:30,178,110.182
38,0.185,4.51,2025-02-10T19:00,2025-02-10T19:30,2025-02-10T19:00,180,33.3
39,0.069,1.68,2025-02-10T19:30,2025-02-10T20:00,2025-02-10T19:30,177,12.213000000000001
40,0.122,2.97,2025-02-10T20:00,2025-02-10T20:30,2025-02-10T20:00,177,21.594
41,1.03,25.09,2025-02-10T20:30,2025-02-10T21:00,2025-02-10T20:30,177,182.31
42,1.262,30.74,2025-02-10T21:00,2025-02-10T21:30,2025-02-10T21:00,174,219.588
43,1.345,32.76,2025-02-10T21:30,2025-02-10T22:00,2025-02-10T21:30,172,231.34
44,1.543,37.58,2025-02-10T22:00,2025-02-10T22:30,2025-02-10T22:00,153,236.07899999999998
45,1.235,30.08,2025-02-10T22:30,2025-02-10T23:00,2025-02-10T22:30,144,177.84
46,1.182,28.79,2025-02-10T23:00,2025-02-10T23:30,2025-02-10T23:00,132,156.024
47,1.199,29.2,2025-02-10T23:30,2025-02-11T00:00,2025-02-10T23:30,137,164.263
48,1.196,29.13,2025-02-11T00:00,2025-02-11T00:30,2025-02-11T00:00,145,173.42
49,1.188,28.94,2025-02-11T00:30,2025-02-11T01:00,2025-02-11T00:30,147,174.636
50,1.204,29.33,2025-02-11T01:00,2025-02-11T01:30,2025-02-11T01:00,144,173.376
51,1.206,29.37,2025-02-11T01:30,2025-02-11T02:00,2025-02-11T01:30,149,179.694
52,1.2,29.23,2025-02-11T02:00,2025-02-11T02:30,2025-02-11T02:00,146,175.2
53,1.183,28.81,2025-02-11T02:30,2025-02-11T03:00,2025-02-11T02:30,152,179.816
54,1.245,30.32,2025-02-11T03:00,2025-02-11T03:30,2025-02-11T03:00,159,197.955
55,1.226,29.86,2025-02-11T03:30,2025-02-11T04:00,2025-02-11T03:30,159,194.934
56,1.207,29.4,2025-02-11T04:00,2025-02-11T04:30,2025-02-11T04:00,162,195.53400000000002
57,1.241,30.23,2025-02-11T04:30,2025-02-11T05:00,2025-02-11T04:30,162,201.04200000000003
58,1.234,30.06,2025-02-11T05:00,2025-02-11T05:30,2025-02-11T05:00,141,173.994
59,1.26,30.69,2025-02-11T05:30,2025-02-11T06:00,2025-02-11T05:30,157,197.82
60,1.203,29.3,2025-02-11T06:00,2025-02-11T06:30,2025-02-11T06:00,174,209.322
61,1.243,30.28,2025-02-11T06:30,2025-02-11T07:00,2025-02-11T06:30,183,227.46900000000002
62,1.252,30.49,2025-02-11T07:00,2025-02-11T07:30,2025-02-11T07:00,191,239.132
63,0.328,7.99,2025-02-11T07:30,2025-02-11T08:00,2025-02-11T07:30,202,66.256
64,0.258,6.28,2025-02-11T08:00,2025-02-11T08:30,2025-02-11T08:00,238,61.404
65,0.151,3.68,2025-02-11T08:30,2025-02-11T09:00,2025-02-11T08:30,240,36.24
66,0.156,3.8,2025-02-11T09:00,2025-02-11T09:30,2025-02-11T09:00,244,38.064
67,0.756,18.41,2025-02-11T09:30,2025-02-11T10:00,2025-02-11T09:30,249,188.244
68,0.097,2.36,2025-02-11T10:00,2025-02-11T10:30,2025-02-11T10:00,246,23.862000000000002
69,0.079,1.92,2025-02-11T10:30,2025-02-11T11:00,2025-02-11T10:30,250,19.75
70,0.081,1.97,2025-02-11T11:00,2025-02-11T11:30,2025-02-11T11:00,252,20.412
71,0.076,1.85,2025-02-11T11:30,2025-02-11T12:00,2025-02-11T11:30,253,19.227999999999998
72,0.265,6.45,2025-02-11T12:00,2025-02-11T12:30,2025-02-11T12:00,251,66.515
73,1.031,25.11,2025-02-11T12:30,2025-02-11T13:00,2025-02-11T12:30,250,257.75
74,0.168,4.09,2025-02-11T13:00,2025-02-11T13:30,2025-02-11T13:00,255,42.84
75,0.178,4.34,2025-02-11T13:30,2025-02-11T14:00,2025-02-11T13:30,253,45.034
76,0.602,14.66,2025-02-11T14:00,2025-02-11T14:30,2025-02-11T14:00,234,140.868
77,0.4,9.74,2025-02-11T14:30,2025-02-11T15:00,2025-02-11T14:30,238,95.2
78,0.402,9.79,2025-02-11T15:00,2025-02-11T15:30,2025-02-11T15:00,246,98.89200000000001
79,1.184,28.84,2025-02-11T15:30,2025-02-11T16:00,2025-02-11T15:30,246,291.264
80,0.715,17.42,2025-02-11T16:00,2025-02-11T16:30,2025-02-11T16:00,242,173.03
81,0.281,6.84,2025-02-11T16:30,2025-02-11T17:00,2025-02-11T16:30,241,67.721
82,0.532,12.96,2025-02-11T17:00,2025-02-11T17:30,2025-02-11T17:00,250,133.0
83,0.44,10.72,2025-02-11T17:30,2025-02-11T18:00,2025-02-11T17:30,251,110.44
84,0.275,6.7,2025-02-11T18:00,2025-02-11T18:30,2025-02-11T18:00,250,68.75
85,1.06,25.82,2025-02-11T18:30,2025-02-11T19:00,2025-02-11T18:30,249,263.94
86,1.806,43.99,2025-02-11T19:00,2025-02-11T19:30,2025-02-11T19:00,242,437.052
87,1.377,33.54,2025-02-11T19:30,2025-02-11T20:00,2025-02-11T19:30,245,337.365
88,1.723,41.97,2025-02-11T20:00,2025-02-11T20:30,2025-02-11T20:00,252,434.196
89,1.715,41.77,2025-02-11T20:30,2025-02-11T21:00,2025-02-11T20:30,251,430.46500000000003
90,1.328,32.35,2025-02-11T21:00,2025-02-11T21:30,2025-02-11T21:00,236,313.408
91,1.26,30.69,2025-02-11T21:30,2025-02-11T22:00,2025-02-11T21:30,230,289.8
92,1.238,30.15,2025-02-11T22:00,2025-02-11T22:30,2025-02-11T22:00,225,278.55
93,1.256,30.59,2025-02-11T22:30,2025-02-11T23:00,2025-02-11T22:30,204,256.224
94,0.813,19.8,2025-02-11T23:00,2025-02-11T23:30,2025-02-11T23:00,192,156.096
95,0.068,1.66,2025-02-11T23:30,2025-02-12T00:00,2025-02-11T23:30,182,12.376000000000001
96,0.051,1.24,2025-02-12T00:00,2025-02-12T00:30,2025-02-12T00:00,175,8.924999999999999
97,0.071,1.73,2025-02-12T00:30,2025-02-12T01:00,2025-02-12T00:30,172,12.212
98,0.053,1.29,2025-02-12T01:00,2025-02-12T01:30,2025-02-12T01:00,179,9.487
99,0.053,1.29,2025-02-12T01:30,2025-02-12T02:00,2025-02-12T01:30,186,9.858
100,0.072,1.75,2025-02-12T02:00,2025-02-12T02:30,2025-02-12T02:00,186,13.392
101,0.052,1.27,2025-02-12T02:30,2025-02-12T03:00,2025-02-12T02:30,183,9.516
102,0.109,2.65,2025-02-12T03:00,2025-02-12T03:30,2025-02-12T03:00,172,18.748
103,0.093,2.27,2025-02-12T03:30,2025-02-12T04:00,2025-02-12T03:30,175,16.275
104,0.063,1.53,2025-02-12T04:00,2025-02-12T04:30,2025-02-12T04:00,179,11.277
105,0.09,2.19,2025-02-12T04:30,2025-02-12T05:00,2025-02-12T04:30,176,15.84
106,0.116,2.83,2025-02-12T05:00,2025-02-12T05:30,2025-02-12T05:00,177,20.532
107,0.098,2.39,2025-02-12T05:30,2025-02-12T06:00,2025-02-12T05:30,195,19.11
108,0.079,1.92,2025-02-12T06:00,2025-02-12T06:30,2025-02-12T06:00,207,16.353
109,0.468,11.4,2025-02-12T06:30,2025-02-12T07:00,2025-02-12T06:30,225,105.30000000000001
110,0.614,14.96,2025-02-12T07:00,2025-02-12T07:30,2025-02-12T07:00,221,135.694
111,0.241,5.87,2025-02-12T07:30,2025-02-12T08:00,2025-02-12T07:30,229,55.189
112,0.17,4.14,2025-02-12T08:00,2025-02-12T08:30,2025-02-12T08:00,237,40.290000000000006
113,0.142,3.46,2025-02-12T08:30,2025-02-12T09:00,2025-02-12T08:30,229,32.517999999999994
114,0.181,4.41,2025-02-12T09:00,2025-02-12T09:30,2025-02-12T09:00,224,40.544
115,0.119,2.9,2025-02-12T09:30,2025-02-12T10:00,2025-02-12T09:30,225,26.775
116,0.074,1.8,2025-02-12T10:00,2025-02-12T10:30,2025-02-12T10:00,223,16.502
117,0.065,1.58,2025-02-12T10:30,2025-02-12T11:00,2025-02-12T10:30,219,14.235000000000001
118,0.1,2.44,2025-02-12T11:00,2025-02-12T11:30,2025-02-12T11:00,227,22.700000000000003
119,0.049,1.19,2025-02-12T11:30,2025-02-12T12:00,2025-02-12T11:30,224,10.976
120,0.07,1.7,2025-02-12T12:00,2025-02-12T12:30,2025-02-12T12:00,227,15.890000000000002
121,0.055,1.34,2025-02-12T12:30,2025-02-12T13:00,2025-02-12T12:30,225,12.375
122,0.062,1.51,2025-02-12T13:00,2025-02-12T13:30,2025-02-12T13:00,210,13.02
123,0.455,11.08,2025-02-12T13:30,2025-02-12T14:00,2025-02-12T13:30,210,95.55
124,0.119,2.9,2025-02-12T14:00,2025-02-12T14:30,2025-02-12T14:00,209,24.871
125,0.126,3.07,2025-02-12T14:30,2025-02-12T15:00,2025-02-12T14:30,213,26.838
126,0.088,2.14,2025-02-12T15:00,2025-02-12T15:30,2025-02-12T15:00,218,19.183999999999997
127,0.114,2.78,2025-02-12T15:30,2025-02-12T16:00,2025-02-12T15:30,217,24.738
128,0.142,3.46,2025-02-12T16:00,2025-02-12T16:30,2025-02-12T16:00,222,31.523999999999997
129,0.205,4.99,2025-02-12T16:30,2025-02-12T17:00,2025-02-12T16:30,223,45.714999999999996
130,0.155,3.78,2025-02-12T17:00,2025-02-12T17:30,2025-02-12T17:00,226,35.03
131,0.196,4.77,2025-02-12T17:30,2025-02-12T18:00,2025-02-12T17:30,220,43.120000000000005
132,0.471,11.47,2025-02-12T18:00,2025-02-12T18:30,2025-02-12T18:00,219,103.149
133,0.346,8.43,2025-02-12T18:30,2025-02-12T19:00,2025-02-12T18:30,213,73.698
134,0.152,3.7,2025-02-12T19:00,2025-02-12T19:30,2025-02-12T19:00,209,31.768
135,0.146,3.56,2025-02-12T19:30,2025-02-12T20:00,2025-02-12T19:30,206,30.075999999999997
136,0.329,8.01,2025-02-12T20:00,2025-02-12T20:30,2025-02-12T20:00,203,66.787
137,0.451,10.99,2025-02-12T20:30,2025-02-12T21:00,2025-02-12T20:30,194,87.494
138,0.113,2.75,2025-02-12T21:00,2025-02-12T21:30,2025-02-12T21:00,181,20.453
139,0.124,3.02,2025-02-12T21:30,2025-02-12T22:00,2025-02-12T21:30,174,21.576
140,0.091,2.22,2025-02-12T22:00,2025-02-12T22:30,2025-02-12T22:00,168,15.288
141,0.098,2.39,2025-02-12T22:30,2025-02-12T23:00,2025-02-12T22:30,157,15.386000000000001
142,0.071,1.73,2025-02-12T23:00,2025-02-12T23:30,2025-02-12T23:00,142,10.081999999999999
143,0.066,1.61,2025-02-12T23:30,2025-02-13T00:00,2025-02-12T23:30,143,9.438
144,0.059,1.44,2025-02-13T00:00,2025-02-13T00:30,2025-02-13T00:00,147,8.673
145,0.073,1.78,2025-02-13T00:30,2025-02-13T01:00,2025-02-13T00:30,146,10.658
146,0.052,1.27,2025-02-13T01:00,2025-02-13T01:30,2025-02-13T01:00,135,7.02
147,0.078,1.9,2025-02-13T01:30,2025-02-13T02:00,2025-02-13T01:30,137,10.686
148,0.053,1.29,2025-02-13T02:00,2025-02-13T02:30,2025-02-13T02:00,131,6.943
149,0.061,1.49,2025-02-13T02:30,2025-02-13T03:00,2025-02-13T02:30,144,8.783999999999999
150,0.115,2.8,2025-02-13T03:00,2025-02-13T03:30,2025-02-13T03:00,156,17.94
151,0.088,2.14,2025-02-13T03:30,2025-02-13T04:00,2025-02-13T03:30,152,13.376
152,0.073,1.78,2025-02-13T04:00,2025-02-13T04:30,2025-02-13T04:00,152,11.096
153,0.094,2.29,2025-02-13T04:30,2025-02-13T05:00,2025-02-13T04:30,153,14.382
154,0.115,2.8,2025-02-13T05:00,2025-02-13T05:30,2025-02-13T05:00,151,17.365000000000002
155,0.086,2.09,2025-02-13T05:30,2025-02-13T06:00,2025-02-13T05:30,158,13.588
156,0.075,1.83,2025-02-13T06:00,2025-02-13T06:30,2025-02-13T06:00,175,13.125
157,0.146,3.56,2025-02-13T06:30,2025-02-13T07:00,2025-02-13T06:30,184,26.863999999999997
158,0.561,13.66,2025-02-13T07:00,2025-02-13T07:30,2025-02-13T07:00,185,103.78500000000001
159,0.128,3.12,2025-02-13T07:30,2025-02-13T08:00,2025-02-13T07:30,191,24.448
160,0.168,4.09,2025-02-13T08:00,2025-02-13T08:30,2025-02-13T08:00,189,31.752000000000002
161,0.157,3.82,2025-02-13T08:30,2025-02-13T09:00,2025-02-13T08:30,187,29.359
162,0.681,16.59,2025-02-13T09:00,2025-02-13T09:30,2025-02-13T09:00,184,125.304
163,0.131,3.19,2025-02-13T09:30,2025-02-13T10:00,2025-02-13T09:30,187,24.497
164,0.067,1.63,2025-02-13T10:00,2025-02-13T10:30,2025-02-13T10:00,194,12.998000000000001
165,0.081,1.97,2025-02-13T10:30,2025-02-13T11:00,2025-02-13T10:30,197,15.957
166,0.08,1.95,2025-02-13T11:00,2025-02-13T11:30,2025-02-13T11:00,189,15.120000000000001
167,0.073,1.78,2025-02-13T11:30,2025-02-13T12:00,2025-02-13T11:30,193,14.088999999999999
168,0.084,2.05,2025-02-13T12:00,2025-02-13T12:30,2025-02-13T12:00,202,16.968
169,0.07,1.7,2025-02-13T12:30,2025-02-13T13:00,2025-02-13T12:30,208,14.560000000000002
170,0.118,2.87,2025-02-13T13:00,2025-02-13T13:30,2025-02-13T13:00,210,24.779999999999998
171,0.157,3.82,2025-02-13T13:30,2025-02-13T14:00,2025-02-13T13:30,222,34.854
172,0.13,3.17,2025-02-13T14:00,2025-02-13T14:30,2025-02-13T14:00,229,29.77
173,0.111,2.7,2025-02-13T14:30,2025-02-13T15:00,2025-02-13T14:30,235,26.085
174,0.078,1.9,2025-02-13T15:00,2025-02-13T15:30,2025-02-13T15:00,241,18.798
175,0.083,2.02,2025-02-13T15:30,2025-02-13T16:00,2025-02-13T15:30,244,20.252000000000002
176,0.23,5.6,2025-02-13T16:00,2025-02-13T16:30,2025-02-13T16:00,248,57.04
177,0.226,5.5,2025-02-13T16:30,2025-02-13T17:00,2025-02-13T16:30,247,55.822
178,0.462,11.25,2025-02-13T17:00,2025-02-13T17:30,2025-02-13T17:00,242,111.804
179,1.539,37.49,2025-02-13T17:30,2025-02-13T18:00,2025-02-13T17:30,242,372.438
180,0.582,14.18,2025-02-13T18:00,2025-02-13T18:30,2025-02-13T18:00,242,140.844
181,1.446,35.22,2025-02-13T18:30,2025-02-13T19:00,2025-02-13T18:30,243,351.378
182,0.638,15.54,2025-02-13T19:00,2025-02-13T19:30,2025-02-13T19:00,243,155.034
183,0.574,13.98,2025-02-13T19:30,2025-02-13T20:00,2025-02-13T19:30,248,142.35199999999998
184,0.28,6.82,2025-02-13T20:00,2025-02-13T20:30,2025-02-13T20:00,253,70.84
185,0.125,3.04,2025-02-13T20:30,2025-02-13T21:00,2025-02-13T20:30,247,30.875
186,0.1,2.44,2025-02-13T21:00,2025-02-13T21:30,2025-02-13T21:00,232,23.200000000000003
187,0.155,3.78,2025-02-13T21:30,2025-02-13T22:00,2025-02-13T21:30,225,34.875
188,0.097,2.36,2025-02-13T22:00,2025-02-13T22:30,2025-02-13T22:00,220,21.34
189,0.069,1.68,2025-02-13T22:30,2025-02-13T23:00,2025-02-13T22:30,213,14.697000000000001
190,0.077,1.88,2025-02-13T23:00,2025-02-13T23:30,2025-02-13T23:00,209,16.093
191,0.052,1.27,2025-02-13T23:30,2025-02-14T00:00,2025-02-13T23:30,200,10.4
192,0.064,1.56,2025-02-14T00:00,2025-02-14T00:30,2025-02-14T00:00,210,13.44
193,0.065,1.58,2025-02-14T00:30,2025-02-14T01:00,2025-02-14T00:30,209,13.585
194,0.056,1.36,2025-02-14T01:00,2025-02-14T01:30,2025-02-14T01:00,212,11.872
195,0.067,1.63,2025-02-14T01:30,2025-02-14T02:00,2025-02-14T01:30,209,14.003
196,0.055,1.34,2025-02-14T02:00,2025-02-14T02:30,2025-02-14T02:00,196,10.78
197,0.065,1.58,2025-02-14T02:30,2025-02-14T03:00,2025-02-14T02:30,189,12.285
198,0.106,2.58,2025-02-14T03:00,2025-02-14T03:30,2025-02-14T03:00,187,19.822
199,0.102,2.48,2025-02-14T03:30,2025-02-14T04:00,2025-02-14T03:30,188,19.176
200,0.054,1.32,2025-02-14T04:00,2025-02-14T04:30,2025-02-14T04:00,190,10.26
201,0.123,3.0,2025-02-14T04:30,2025-02-14T05:00,2025-02-14T04:30,191,23.493
202,0.106,2.58,2025-02-14T05:00,2025-02-14T05:30,2025-02-14T05:00,197,20.881999999999998
203,0.097,2.36,2025-02-14T05:30,2025-02-14T06:00,2025-02-14T05:30,201,19.497
204,0.101,2.46,2025-02-14T06:00,2025-02-14T06:30,2025-02-14T06:00,216,21.816000000000003
205,0.059,1.44,2025-02-14T06:30,2025-02-14T07:00,2025-02-14T06:30,237,13.982999999999999
206,0.121,2.95,2025-02-14T07:00,2025-02-14T07:30,2025-02-14T07:00,248,30.008
207,0.067,1.63,2025-02-14T07:30,2025-02-14T08:00,2025-02-14T07:30,248,16.616
208,0.172,4.19,2025-02-14T08:00,2025-02-14T08:30,2025-02-14T08:00,248,42.656
209,0.31,7.55,2025-02-14T08:30,2025-02-14T09:00,2025-02-14T08:30,236,73.16
210,0.157,3.82,2025-02-14T09:00,2025-02-14T09:30,2025-02-14T09:00,225,35.325
211,0.154,3.75,2025-02-14T09:30,2025-02-14T10:00,2025-02-14T09:30,221,34.034
212,0.159,3.87,2025-02-14T10:00,2025-02-14T10:30,2025-02-14T10:00,218,34.662
213,0.191,4.65,2025-02-14T10:30,2025-02-14T11:00,2025-02-14T10:30,212,40.492
214,0.191,4.65,2025-02-14T11:00,2025-02-14T11:30,2025-02-14T11:00,202,38.582
215,0.264,6.43,2025-02-14T11:30,2025-02-14T12:00,2025-02-14T11:30,192,50.688
216,0.156,3.8,2025-02-14T12:00,2025-02-14T12:30,2025-02-14T12:00,188,29.328
217,0.175,4.26,2025-02-14T12:30,2025-02-14T13:00,2025-02-14T12:30,183,32.025
218,0.434,10.57,2025-02-14T13:00,2025-02-14T13:30,2025-02-14T13:00,185,80.29
219,0.344,8.38,2025-02-14T13:30,2025-02-14T14:00,2025-02-14T13:30,184,63.29599999999999
220,0.117,2.85,2025-02-14T14:00,2025-02-14T14:30,2025-02-14T14:00,181,21.177
221,0.111,2.7,2025-02-14T14:30,2025-02-14T15:00,2025-02-14T14:30,179,19.869
222,0.076,1.85,2025-02-14T15:00,2025-02-14T15:30,2025-02-14T15:00,183,13.908
223,0.698,17.0,2025-02-14T15:30,2025-02-14T16:00,2025-02-14T15:30,196,136.808
224,0.175,4.26,2025-02-14T16:00,2025-02-14T16:30,2025-02-14T16:00,210,36.75
225,0.125,3.04,2025-02-14T16:30,2025-02-14T17:00,2025-02-14T16:30,207,25.875
226,0.139,3.39,2025-02-14T17:00,2025-02-14T17:30,2025-02-14T17:00,206,28.634000000000004
227,1.047,25.5,2025-02-14T17:30,2025-02-14T18:00,2025-02-14T17:30,198,207.30599999999998
228,1.776,43.26,2025-02-14T18:00,2025-02-14T18:30,2025-02-14T18:00,191,339.216
229,0.348,8.48,2025-02-14T18:30,2025-02-14T19:00,2025-02-14T18:30,189,65.77199999999999
230,0.304,7.4,2025-02-14T19:00,2025-02-14T19:30,2025-02-14T19:00,189,57.455999999999996
231,0.277,6.75,2025-02-14T19:30,2025-02-14T20:00,2025-02-14T19:30,174,48.19800000000001
232,0.294,7.16,2025-02-14T20:00,2025-02-14T20:30,2025-02-14T20:00,165,48.51
233,0.216,5.26,2025-02-14T20:30,2025-02-14T21:00,2025-02-14T20:30,168,36.288
234,0.193,4.7,2025-02-14T21:00,2025-02-14T21:30,2025-02-14T21:00,174,33.582
235,0.124,3.02,2025-02-14T21:30,2025-02-14T22:00,2025-02-14T21:30,178,22.072
236,0.081,1.97,2025-02-14T22:00,2025-02-14T22:30,2025-02-14T22:00,172,13.932
237,0.091,2.22,2025-02-14T22:30,2025-02-14T23:00,2025-02-14T22:30,176,16.016
238,0.07,1.7,2025-02-14T23:00,2025-02-14T23:30,2025-02-14T23:00,175,12.250000000000002
239,0.071,1.73,2025-02-14T23:30,2025-02-15T00:00,2025-02-14T23:30,162,11.501999999999999
240,0.08,1.95,2025-02-15T00:00,2025-02-15T00:30,2025-02-15T00:00,143,11.44
241,0.052,1.27,2025-02-15T00:30,2025-02-15T01:00,2025-02-15T00:30,138,7.175999999999999
242,0.076,1.85,2025-02-15T01:00,2025-02-15T01:30,2025-02-15T01:00,133,10.108
243,0.055,1.34,2025-02-15T01:30,2025-02-15T02:00,2025-02-15T01:30,127,6.985
244,0.065,1.58,2025-02-15T02:00,2025-02-15T02:30,2025-02-15T02:00,119,7.735
245,0.064,1.56,2025-02-15T02:30,2025-02-15T03:00,2025-02-15T02:30,128,8.192
246,0.098,2.39,2025-02-15T03:00,2025-02-15T03:30,2025-02-15T03:00,148,14.504000000000001
247,0.094,2.29,2025-02-15T03:30,2025-02-15T04:00,2025-02-15T03:30,150,14.1
248,0.06,1.46,2025-02-15T04:00,2025-02-15T04:30,2025-02-15T04:00,150,9.0
249,0.063,1.53,2025-02-15T04:30,2025-02-15T05:00,2025-02-15T04:30,158,9.954
250,0.054,1.32,2025-02-15T05:00,2025-02-15T05:30,2025-02-15T05:00,165,8.91
251,0.069,1.68,2025-02-15T05:30,2025-02-15T06:00,2025-02-15T05:30,168,11.592
252,0.048,1.17,2025-02-15T06:00,2025-02-15T06:30,2025-02-15T06:00,175,8.4
253,0.089,2.17,2025-02-15T06:30,2025-02-15T07:00,2025-02-15T06:30,181,16.108999999999998
254,0.107,2.61,2025-02-15T07:00,2025-02-15T07:30,2025-02-15T07:00,176,18.832
255,0.101,2.46,2025-02-15T07:30,2025-02-15T08:00,2025-02-15T07:30,177,17.877000000000002
256,0.15,3.65,2025-02-15T08:00,2025-02-15T08:30,2025-02-15T08:00,173,25.95
257,0.105,2.56,2025-02-15T08:30,2025-02-15T09:00,2025-02-15T08:30,161,16.905
258,0.152,3.7,2025-02-15T09:00,2025-02-15T09:30,2025-02-15T09:00,142,21.584
259,0.148,3.6,2025-02-15T09:30,2025-02-15T10:00,2025-02-15T09:30,184,27.232
260,0.168,4.09,2025-02-15T10:00,2025-02-15T10:30,2025-02-15T10:00,180,30.240000000000002
261,0.198,4.82,2025-02-15T10:30,2025-02-15T11:00,2025-02-15T10:30,184,36.432
262,0.129,3.14,2025-02-15T11:00,2025-02-15T11:30,2025-02-15T11:00,183,23.607
263,0.158,3.85,2025-02-15T11:30,2025-02-15T12:00,2025-02-15T11:30,184,29.072
264,0.372,9.06,2025-02-15T12:00,2025-02-15T12:30,2025-02-15T12:00,194,72.168
265,0.37,9.01,2025-02-15T12:30,2025-02-15T13:00,2025-02-15T12:30,195,72.15
266,0.183,4.46,2025-02-15T13:00,2025-02-15T13:30,2025-02-15T13:00,184,33.672
267,0.123,3.0,2025-02-15T13:30,2025-02-15T14:00,2025-02-15T13:30,191,23.493
268,0.155,3.78,2025-02-15T14:00,2025-02-15T14:30,2025-02-15T14:00,182,28.21
269,0.217,5.29,2025-02-15T14:30,2025-02-15T15:00,2025-02-15T14:30,185,40.145
270,0.181,4.41,2025-02-15T15:00,2025-02-15T15:30,2025-02-15T15:00,182,32.942
271,0.096,2.34,2025-02-15T15:30,2025-02-15T16:00,2025-02-15T15:30,185,17.76
272,0.087,2.12,2025-02-15T16:00,2025-02-15T16:30,2025-02-15T16:00,186,16.182
273,0.647,15.76,2025-02-15T16:30,2025-02-15T17:00,2025-02-15T16:30,202,130.69400000000002
274,0.582,14.18,2025-02-15T17:00,2025-02-15T17:30,2025-02-15T17:00,219,127.458
275,0.692,16.86,2025-02-15T17:30,2025-02-15T18:00,2025-02-15T17:30,220,152.23999999999998
276,1.008,24.55,2025-02-15T18:00,2025-02-15T18:30,2025-02-15T18:00,218,219.744
277,1.072,26.11,2025-02-15T18:30,2025-02-15T19:00,2025-02-15T18:30,216,231.55200000000002
278,0.194,4.73,2025-02-15T19:00,2025-02-15T19:30,2025-02-15T19:00,213,41.322
279,0.176,4.29,2025-02-15T19:30,2025-02-15T20:00,2025-02-15T19:30,215,37.839999999999996
280,0.174,4.24,2025-02-15T20:00,2025-02-15T20:30,2025-02-15T20:00,214,37.236
281,0.089,2.17,2025-02-15T20:30,2025-02-15T21:00,2025-02-15T20:30,205,18.244999999999997
282,0.112,2.73,2025-02-15T21:00,2025-02-15T21:30,2025-02-15T21:00,196,21.952
283,0.171,4.17,2025-02-15T21:30,2025-02-15T22:00,2025-02-15T21:30,191,32.661
284,0.357,8.7,2025-02-15T22:00,2025-02-15T22:30,2025-02-15T22:00,182,64.974
285,0.15,3.65,2025-02-15T22:30,2025-02-15T23:00,2025-02-15T22:30,161,24.15
286,0.082,2.0,2025-02-15T23:00,2025-02-15T23:30,2025-02-15T23:00,167,13.694
287,0.073,1.78,2025-02-15T23:30,2025-02-16T00:00,2025-02-15T23:30,166,12.117999999999999
288,0.052,1.27,2025-02-16T00:00,2025-02-16T00:30,2025-02-16T00:00,164,8.528
289,0.079,1.92,2025-02-16T00:30,2025-02-16T01:00,2025-02-16T00:30,157,12.403
290,0.051,1.24,2025-02-16T01:00,2025-02-16T01:30,2025-02-16T01:00,177,9.027
291,0.073,1.78,2025-02-16T01:30,2025-02-16T02:00,2025-02-16T01:30,172,12.556
292,0.058,1.41,2025-02-16T02:00,2025-02-16T02:30,2025-02-16T02:00,154,8.932
293,0.059,1.44,2025-02-16T02:30,2025-02-16T03:00,2025-02-16T02:30,149,8.791
294,0.109,2.65,2025-02-16T03:00,2025-02-16T03:30,2025-02-16T03:00,143,15.587
295,0.086,2.09,2025-02-16T03:30,2025-02-16T04:00,2025-02-16T03:30,103,8.857999999999999
296,0.065,1.58,2025-02-16T04:00,2025-02-16T04:30,2025-02-16T04:00,109,7.085
297,0.049,1.19,2025-02-16T04:30,2025-02-16T05:00,2025-02-16T04:30,101,4.949
298,0.076,1.85,2025-02-16T05:00,2025-02-16T05:30,2025-02-16T05:00,101,7.676
299,0.048,1.17,2025-02-16T05:30,2025-02-16T06:00,2025-02-16T05:30,102,4.896
300,0.119,2.9,2025-02-16T06:00,2025-02-16T06:30,2025-02-16T06:00,96,11.424
301,0.111,2.7,2025-02-16T06:30,2025-02-16T07:00,2025-02-16T06:30,95,10.545
302,0.097,2.36,2025-02-16T07:00,2025-02-16T07:30,2025-02-16T07:00,97,9.409
303,0.101,2.46,2025-02-16T07:30,2025-02-16T08:00,2025-02-16T07:30,95,9.595
304,0.086,2.09,2025-02-16T08:00,2025-02-16T08:30,2025-02-16T08:00,104,8.943999999999999
305,0.1,2.44,2025-02-16T08:30,2025-02-16T09:00,2025-02-16T08:30,97,9.700000000000001
306,0.133,3.24,2025-02-16T09:00,2025-02-16T09:30,2025-02-16T09:00,93,12.369
307,0.133,3.24,2025-02-16T09:30,2025-02-16T10:00,2025-02-16T09:30,81,10.773
308,0.151,3.68,2025-02-16T10:00,2025-02-16T10:30,2025-02-16T10:00,88,13.288
309,0.233,5.68,2025-02-16T10:30,2025-02-16T11:00,2025-02-16T10:30,108,25.164
310,0.336,8.18,2025-02-16T11:00,2025-02-16T11:30,2025-02-16T11:00,98,32.928000000000004
311,0.578,14.08,2025-02-16T11:30,2025-02-16T12:00,2025-02-16T11:30,113,65.314
312,0.234,5.7,2025-02-16T12:00,2025-02-16T12:30,2025-02-16T12:00,104,24.336000000000002
313,0.595,14.49,2025-02-16T12:30,2025-02-16T13:00,2025-02-16T12:30,140,83.3
314,1.84,44.82,2025-02-16T13:00,2025-02-16T13:30,2025-02-16T13:00,131,241.04000000000002
315,0.818,19.92,2025-02-16T13:30,2025-02-16T14:00,2025-02-16T13:30,139,113.702
316,0.296,7.21,2025-02-16T14:00,2025-02-16T14:30,2025-02-16T14:00,147,43.512
317,0.12,2.92,2025-02-16T14:30,2025-02-16T15:00,2025-02-16T14:30,166,19.919999999999998
318,0.127,3.09,2025-02-16T15:00,2025-02-16T15:30,2025-02-16T15:00,137,17.399
319,0.097,2.36,2025-02-16T15:30,2025-02-16T16:00,2025-02-16T15:30,143,13.871
320,0.203,4.94,2025-02-16T16:00,2025-02-16T16:30,2025-02-16T16:00,137,27.811000000000003
321,0.151,3.68,2025-02-16T16:30,2025-02-16T17:00,2025-02-16T16:30,134,20.233999999999998
322,0.147,3.58,2025-02-16T17:00,2025-02-16T17:30,2025-02-16T17:00,133,19.551
323,0.132,3.22,2025-02-16T17:30,2025-02-16T18:00,2025-02-16T17:30,134,17.688000000000002
324,0.2,4.87,2025-02-16T18:00,2025-02-16T18:30,2025-02-16T18:00,135,27.0
325,0.279,6.8,2025-02-16T18:30,2025-02-16T19:00,2025-02-16T18:30,139,38.781000000000006
326,0.29,7.06,2025-02-16T19:00,2025-02-16T19:30,2025-02-16T19:00,142,41.18
327,0.33,8.04,2025-02-16T19:30,2025-02-16T20:00,2025-02-16T19:30,145,47.85
328,0.238,5.8,2025-02-16T20:00,2025-02-16T20:30,2025-02-16T20:00,143,34.034
329,0.159,3.87,2025-02-16T20:30,2025-02-16T21:00,2025-02-16T20:30,134,21.306
330,0.141,3.43,2025-02-16T21:00,2025-02-16T21:30,2025-02-16T21:00,128,18.048
331,0.079,1.92,2025-02-16T21:30,2025-02-16T22:00,2025-02-16T21:30,116,9.164
332,0.096,2.34,2025-02-16T22:00,2025-02-16T22:30,2025-02-16T22:00,112,10.752
333,0.087,2.12,2025-02-16T22:30,2025-02-16T23:00,2025-02-16T22:30,109,9.482999999999999
334,0.051,1.24,2025-02-16T23:00,2025-02-16T23:30,2025-02-16T23:00,119,6.069
335,0.065,1.58,2025-02-16T23:30,2025-02-17T00:00,2025-02-16T23:30,105,6.825
336,0.059,1.44,2025-02-17T00:00,2025-02-17T00:30,2025-02-17T00:00,101,5.959
337,0.06,1.46,2025-02-17T00:30,2025-02-17T01:00,2025-02-17T00:30,120,7.199999999999999
338,0.059,1.44,2025-02-17T01:00,2025-02-17T01:30,2025-02-17T01:00,126,7.433999999999999
339,0.06,1.46,2025-02-17T01:30,2025-02-17T02:00,2025-02-17T01:30,124,7.4399999999999995
340,0.049,1.19,2025-02-17T02:00,2025-02-17T02:30,2025-02-17T02:00,119,5.831
341,0.063,1.53,2025-02-17T02:30,2025-02-17T03:00,2025-02-17T02:30,124,7.812
342,0.097,2.36,2025-02-17T03:00,2025-02-17T03:30,2025-02-17T03:00,122,11.834
343,0.082,2.0,2025-02-17T03:30,2025-02-17T04:00,2025-02-17T03:30,117,9.594000000000001
344,0.058,1.41,2025-02-17T04:00,2025-02-17T04:30,2025-02-17T04:00,129,7.482
345,0.114,2.78,2025-02-17T04:30,2025-02-17T05:00,2025-02-17T04:30,138,15.732000000000001
346,0.109,2.65,2025-02-17T05:00,2025-02-17T05:30,2025-02-17T05:00,161,17.549
347,0.605,14.74,2025-02-17T05:30,2025-02-17T06:00,2025-02-17T05:30,169,102.24499999999999
348,0.319,7.77,2025-02-17T06:00,2025-02-17T06:30,2025-02-17T06:00,173,55.187
349,0.209,5.09,2025-02-17T06:30,2025-02-17T07:00,2025-02-17T06:30,180,37.62
350,0.534,13.01,2025-02-17T07:00,2025-02-17T07:30,2025-02-17T07:00,186,99.32400000000001
351,0.46,11.2,2025-02-17T07:30,2025-02-17T08:00,2025-02-17T07:30,192,88.32000000000001
352,0.513,12.5,2025-02-17T08:00,2025-02-17T08:30,2025-02-17T08:00,201,103.113
353,0.476,11.59,2025-02-17T08:30,2025-02-17T09:00,2025-02-17T08:30,202,96.152
354,0.367,8.94,2025-02-17T09:00,2025-02-17T09:30,2025-02-17T09:00,197,72.29899999999999
355,0.156,3.8,2025-02-17T09:30,2025-02-17T10:00,2025-02-17T09:30,189,29.483999999999998
356,0.134,3.26,2025-02-17T10:00,2025-02-17T10:30,2025-02-17T10:00,185,24.790000000000003
357,0.242,5.89,2025-02-17T10:30,2025-02-17T11:00,2025-02-17T10:30,187,45.254
358,0.191,4.65,2025-02-17T11:00,2025-02-17T11:30,2025-02-17T11:00,194,37.054
359,0.246,5.99,2025-02-17T11:30,2025-02-17T12:00,2025-02-17T11:30,199,48.954
360,0.184,4.48,2025-02-17T12:00,2025-02-17T12:30,2025-02-17T12:00,195,35.88
361,0.054,1.32,2025-02-17T12:30,2025-02-17T13:00,2025-02-17T12:30,193,10.422
362,0.112,2.73,2025-02-17T13:00,2025-02-17T13:30,2025-02-17T13:00,188,21.056
363,0.06,1.46,2025-02-17T13:30,2025-02-17T14:00,2025-02-17T13:30,196,11.76
364,0.069,1.68,2025-02-17T14:00,2025-02-17T14:30,2025-02-17T14:00,187,12.903
365,0.066,1.61,2025-02-17T14:30,2025-02-17T15:00,2025-02-17T14:30,199,13.134
366,0.067,1.63,2025-02-17T15:00,2025-02-17T15:30,2025-02-17T15:00,214,14.338000000000001
367,0.06,1.46,2025-02-17T15:30,2025-02-17T16:00,2025-02-17T15:30,218,13.08
368,1.083,26.38,2025-02-17T16:00,2025-02-17T16:30,2025-02-17T16:00,229,248.007
369,1.259,30.67,2025-02-17T16:30,2025-02-17T17:00,2025-02-17T16:30,233,293.347
370,1.267,30.86,2025-02-17T17:00,2025-02-17T17:30,2025-02-17T17:00,238,301.546
371,1.282,31.23,2025-02-17T17:30,2025-02-17T18:00,2025-02-17T17:30,239,306.398
372,1.298,31.62,2025-02-17T18:00,2025-02-17T18:30,2025-02-17T18:00,236,306.32800000000003
373,1.26,30.69,2025-02-17T18:30,2025-02-17T19:00,2025-02-17T18:30,239,301.14
374,1.703,41.48,2025-02-17T19:00,2025-02-17T19:30,2025-02-17T19:00,243,413.829
375,2.32,56.51,2025-02-17T19:30,2025-02-17T20:00,2025-02-17T19:30,238,552.16
376,1.612,39.26,2025-02-17T20:00,2025-02-17T20:30,2025-02-17T20:00,234,377.208
377,1.668,40.63,2025-02-17T20:30,2025-02-17T21:00,2025-02-17T20:30,230,383.64
378,1.329,32.37,2025-02-17T21:00,2025-02-17T21:30,2025-02-17T21:00,223,296.367
379,1.561,38.02,2025-02-17T21:30,2025-02-17T22:00,2025-02-17T21:30,198,309.078
380,1.591,38.75,2025-02-17T22:00,2025-02-17T22:30,2025-02-17T22:00,185,294.335
381,1.256,30.59,2025-02-17T22:30,2025-02-17T23:00,2025-02-17T22:30,176,221.056
382,1.231,29.98,2025-02-17T23:00,2025-02-17T23:30,2025-02-17T23:00,163,200.65300000000002
383,1.218,29.67,2025-02-17T23:30,2025-02-18T00:00,2025-02-17T23:30,155,188.79
384,1.241,30.23,2025-02-18T00:00,2025-02-18T00:30,2025-02-18T00:00,159,197.31900000000002
385,1.206,29.37,2025-02-18T00:30,2025-02-18T01:00,2025-02-18T00:30,162,195.37199999999999
386,1.228,29.91,2025-02-18T01:00,2025-02-18T01:30,2025-02-18T01:00,160,196.48
387,1.223,29.79,2025-02-18T01:30,2025-02-18T02:00,2025-02-18T01:30,145,177.335
388,1.215,29.59,2025-02-18T02:00,2025-02-18T02:30,2025-02-18T02:00,134,162.81
389,1.23,29.96,2025-02-18T02:30,2025-02-18T03:00,2025-02-18T02:30,133,163.59
390,1.274,31.03,2025-02-18T03:00,2025-02-18T03:30,2025-02-18T03:00,126,160.524
391,1.266,30.84,2025-02-18T03:30,2025-02-18T04:00,2025-02-18T03:30,122,154.452
392,1.212,29.52,2025-02-18T04:00,2025-02-18T04:30,2025-02-18T04:00,126,152.712
393,0.135,3.29,2025-02-18T04:30,2025-02-18T05:00,2025-02-18T04:30,133,17.955000000000002
394,0.096,2.34,2025-02-18T05:00,2025-02-18T05:30,2025-02-18T05:00,142,13.632
395,0.112,2.73,2025-02-18T05:30,2025-02-18T06:00,2025-02-18T05:30,144,16.128
396,0.085,2.07,2025-02-18T06:00,2025-02-18T06:30,2025-02-18T06:00,157,13.345
397,0.411,10.01,2025-02-18T06:30,2025-02-18T07:00,2025-02-18T06:30,165,67.815
398,0.74,18.02,2025-02-18T07:00,2025-02-18T07:30,2025-02-18T07:00,157,116.17999999999999
399,0.123,3.0,2025-02-18T07:30,2025-02-18T08:00,2025-02-18T07:30,158,19.434
400,0.203,4.94,2025-02-18T08:00,2025-02-18T08:30,2025-02-18T08:00,156,31.668000000000003
401,0.157,3.82,2025-02-18T08:30,2025-02-18T09:00,2025-02-18T08:30,173,27.161
402,0.185,4.51,2025-02-18T09:00,2025-02-18T09:30,2025-02-18T09:00,144,26.64
403,0.18,4.38,2025-02-18T09:30,2025-02-18T10:00,2025-02-18T09:30,155,27.9
404,0.187,4.55,2025-02-18T10:00,2025-02-18T10:30,2025-02-18T10:00,144,26.928
405,0.188,4.58,2025-02-18T10:30,2025-02-18T11:00,2025-02-18T10:30,138,25.944
406,0.211,5.14,2025-02-18T11:00,2025-02-18T11:30,2025-02-18T11:00,130,27.43
407,0.229,5.58,2025-02-18T11:30,2025-02-18T12:00,2025-02-18T11:30,132,30.228
408,0.253,6.16,2025-02-18T12:00,2025-02-18T12:30,2025-02-18T12:00,128,32.384
409,0.292,7.11,2025-02-18T12:30,2025-02-18T13:00,2025-02-18T12:30,128,37.376
410,0.138,3.36,2025-02-18T13:00,2025-02-18T13:30,2025-02-18T13:00,130,17.94
411,0.134,3.26,2025-02-18T13:30,2025-02-18T14:00,2025-02-18T13:30,131,17.554000000000002
412,0.15,3.65,2025-02-18T14:00,2025-02-18T14:30,2025-02-18T14:00,131,19.65
413,0.158,3.85,2025-02-18T14:30,2025-02-18T15:00,2025-02-18T14:30,134,21.172
414,0.155,3.78,2025-02-18T15:00,2025-02-18T15:30,2025-02-18T15:00,110,17.05
415,0.182,4.43,2025-02-18T15:30,2025-02-18T16:00,2025-02-18T15:30,119,21.657999999999998
416,0.301,7.33,2025-02-18T16:00,2025-02-18T16:30,2025-02-18T16:00,118,35.518
417,0.444,10.81,2025-02-18T16:30,2025-02-18T17:00,2025-02-18T16:30,130,57.72
418,0.11,2.68,2025-02-18T17:00,2025-02-18T17:30,2025-02-18T17:00,135,14.85
419,0.084,2.05,2025-02-18T17:30,2025-02-18T18:00,2025-02-18T17:30,138,11.592
420,0.084,2.05,2025-02-18T18:00,2025-02-18T18:30,2025-02-18T18:00,137,11.508000000000001
421,0.266,6.48,2025-02-18T18:30,2025-02-18T19:00,2025-02-18T18:30,132,35.112
422,0.519,12.64,2025-02-18T19:00,2025-02-18T19:30,2025-02-18T19:00,131,67.989
423,0.283,6.89,2025-02-18T19:30,2025-02-18T20:00,2025-02-18T19:30,119,33.677
424,0.649,15.81,2025-02-18T20:00,2025-02-18T20:30,2025-02-18T20:00,122,79.178
425,0.155,3.78,2025-02-18T20:30,2025-02-18T21:00,2025-02-18T20:30,113,17.515
426,0.187,4.55,2025-02-18T21:00,2025-02-18T21:30,2025-02-18T21:00,104,19.448
427,0.146,3.56,2025-02-18T21:30,2025-02-18T22:00,2025-02-18T21:30,95,13.87
428,0.138,3.36,2025-02-18T22:00,2025-02-18T22:30,2025-02-18T22:00,89,12.282000000000002
429,0.076,1.85,2025-02-18T22:30,2025-02-18T23:00,2025-02-18T22:30,73,5.548
430,0.068,1.66,2025-02-18T23:00,2025-02-18T23:30,2025-02-18T23:00,65,4.42
431,0.063,1.53,2025-02-18T23:30,2025-02-19T00:00,2025-02-18T23:30,67,4.221
432,0.057,1.39,2025-02-19T00:00,2025-02-19T00:30,2025-02-19T00:00,76,4.332
433,0.072,1.75,2025-02-19T00:30,2025-02-19T01:00,2025-02-19T00:30,79,5.688
434,0.052,1.27,2025-02-19T01:00,2025-02-19T01:30,2025-02-19T01:00,68,3.536
435,0.072,1.75,2025-02-19T01:30,2025-02-19T02:00,2025-02-19T01:30,58,4.175999999999999
436,0.056,1.36,2025-02-19T02:00,2025-02-19T02:30,2025-02-19T02:00,65,3.64
437,0.063,1.53,2025-02-19T02:30,2025-02-19T03:00,2025-02-19T02:30,67,4.221
438,0.094,2.29,2025-02-19T03:00,2025-02-19T03:30,2025-02-19T03:00,52,4.888
439,0.103,2.51,2025-02-19T03:30,2025-02-19T04:00,2025-02-19T03:30,47,4.840999999999999
440,0.058,1.41,2025-02-19T04:00,2025-02-19T04:30,2025-02-19T04:00,50,2.9000000000000004
441,0.117,2.85,2025-02-19T04:30,2025-02-19T05:00,2025-02-19T04:30,44,5.148000000000001
442,0.111,2.7,2025-02-19T05:00,2025-02-19T05:30,2025-02-19T05:00,46,5.106
443,0.1,2.44,2025-02-19T05:30,2025-02-19T06:00,2025-02-19T05:30,55,5.5
444,0.075,1.83,2025-02-19T06:00,2025-02-19T06:30,2025-02-19T06:00,72,5.3999999999999995
445,0.088,2.14,2025-02-19T06:30,2025-02-19T07:00,2025-02-19T06:30,92,8.096
446,0.101,2.46,2025-02-19T07:00,2025-02-19T07:30,2025-02-19T07:00,112,11.312000000000001
447,0.084,2.05,2025-02-19T07:30,2025-02-19T08:00,2025-02-19T07:30,113,9.492
448,0.112,2.73,2025-02-19T08:00,2025-02-19T08:30,2025-02-19T08:00,135,15.120000000000001
449,0.119,2.9,2025-02-19T08:30,2025-02-19T09:00,2025-02-19T08:30,138,16.422
450,0.213,5.19,2025-02-19T09:00,2025-02-19T09:30,2025-02-19T09:00,149,31.737
451,0.194,4.73,2025-02-19T09:30,2025-02-19T10:00,2025-02-19T09:30,149,28.906000000000002
452,0.121,2.95,2025-02-19T10:00,2025-02-19T10:30,2025-02-19T10:00,150,18.15
453,0.146,3.56,2025-02-19T10:30,2025-02-19T11:00,2025-02-19T10:30,155,22.63
454,0.126,3.07,2025-02-19T11:00,2025-02-19T11:30,2025-02-19T11:00,160,20.16
455,0.11,2.68,2025-02-19T11:30,2025-02-19T12:00,2025-02-19T11:30,163,17.93
456,0.139,3.39,2025-02-19T12:00,2025-02-19T12:30,2025-02-19T12:00,167,23.213
457,0.197,4.8,2025-02-19T12:30,2025-02-19T13:00,2025-02-19T12:30,164,32.308
458,0.234,5.7,2025-02-19T13:00,2025-02-19T13:30,2025-02-19T13:00,161,37.674
459,0.253,6.16,2025-02-19T13:30,2025-02-19T14:00,2025-02-19T13:30,164,41.492
460,0.161,3.92,2025-02-19T14:00,2025-02-19T14:30,2025-02-19T14:00,166,26.726
461,0.144,3.51,2025-02-19T14:30,2025-02-19T15:00,2025-02-19T14:30,172,24.767999999999997
462,0.156,3.8,2025-02-19T15:00,2025-02-19T15:30,2025-02-19T15:00,180,28.08
463,0.168,4.09,2025-02-19T15:30,2025-02-19T16:00,2025-02-19T15:30,175,29.400000000000002
464,0.141,3.43,2025-02-19T16:00,2025-02-19T16:30,2025-02-19T16:00,143,20.162999999999997
465,0.131,3.19,2025-02-19T16:30,2025-02-19T17:00,2025-02-19T16:30,156,20.436
466,0.225,5.48,2025-02-19T17:00,2025-02-19T17:30,2025-02-19T17:00,167,37.575
467,0.163,3.97,2025-02-19T17:30,2025-02-19T18:00,2025-02-19T17:30,187,30.481
468,0.525,12.79,2025-02-19T18:00,2025-02-19T18:30,2025-02-19T18:00,194,101.85000000000001
469,0.908,22.12,2025-02-19T18:30,2025-02-19T19:00,2025-02-19T18:30,188,170.704
470,1.569,38.22,2025-02-19T19:00,2025-02-19T19:30,2025-02-19T19:00,183,287.127
471,0.321,7.82,2025-02-19T19:30,2025-02-19T20:00,2025-02-19T19:30,164,52.644
472,0.268,6.53,2025-02-19T20:00,2025-02-19T20:30,2025-02-19T20:00,158,42.344
473,0.293,7.14,2025-02-19T20:30,2025-02-19T21:00,2025-02-19T20:30,136,39.848
474,0.866,21.09,2025-02-19T21:00,2025-02-19T21:30,2025-02-19T21:00,113,97.858
475,0.154,3.75,2025-02-19T21:30,2025-02-19T22:00,2025-02-19T21:30,99,15.246
476,0.126,3.07,2025-02-19T22:00,2025-02-19T22:30,2025-02-19T22:00,106,13.356
477,0.134,3.26,2025-02-19T22:30,2025-02-19T23:00,2025-02-19T22:30,96,12.864
478,0.065,1.58,2025-02-19T23:00,2025-02-19T23:30,2025-02-19T23:00,71,4.615
479,0.082,2.0,2025-02-19T23:30,2025-02-20T00:00,2025-02-19T23:30,70,5.74
480,0.068,1.66,2025-02-20T00:00,2025-02-20T00:30,2025-02-20T00:00,75,5.1000000000000005
481,0.064,1.56,2025-02-20T00:30,2025-02-20T01:00,2025-02-20T00:30,74,4.736
482,0.081,1.97,2025-02-20T01:00,2025-02-20T01:30,2025-02-20T01:00,78,6.3180000000000005
483,0.062,1.51,2025-02-20T01:30,2025-02-20T02:00,2025-02-20T01:30,73,4.526
484,0.08,1.95,2025-02-20T02:00,2025-02-20T02:30,2025-02-20T02:00,71,5.68
485,0.063,1.53,2025-02-20T02:30,2025-02-20T03:00,2025-02-20T02:30,66,4.158
486,0.119,2.9,2025-02-20T03:00,2025-02-20T03:30,2025-02-20T03:00,66,7.853999999999999
487,0.104,2.53,2025-02-20T03:30,2025-02-20T04:00,2025-02-20T03:30,66,6.864
488,0.073,1.78,2025-02-20T04:00,2025-02-20T04:30,2025-02-20T04:00,66,4.818
489,0.061,1.49,2025-02-20T04:30,2025-02-20T05:00,2025-02-20T04:30,58,3.538
490,0.107,2.61,2025-02-20T05:00,2025-02-20T05:30,2025-02-20T05:00,50,5.35
491,0.11,2.68,2025-02-20T05:30,2025-02-20T06:00,2025-02-20T05:30,48,5.28
492,0.089,2.17,2025-02-20T06:00,2025-02-20T06:30,2025-02-20T06:00,50,4.45
493,0.078,1.9,2025-02-20T06:30,2025-02-20T07:00,2025-02-20T06:30,56,4.368
494,0.101,2.46,2025-02-20T07:00,2025-02-20T07:30,2025-02-20T07:00,43,4.343
495,0.093,2.27,2025-02-20T07:30,2025-02-20T08:00,2025-02-20T07:30,41,3.813
496,0.086,2.09,2025-02-20T08:00,2025-02-20T08:30,2025-02-20T08:00,51,4.385999999999999
497,0.38,9.26,2025-02-20T08:30,2025-02-20T09:00,2025-02-20T08:30,55,20.9
498,0.279,6.8,2025-02-20T09:00,2025-02-20T09:30,2025-02-20T09:00,71,19.809
499,0.313,7.62,2025-02-20T09:30,2025-02-20T10:00,2025-02-20T09:30,76,23.788
500,0.215,5.24,2025-02-20T10:00,2025-02-20T10:30,2025-02-20T10:00,66,14.19
501,0.272,6.63,2025-02-20T10:30,2025-02-20T11:00,2025-02-20T10:30,62,16.864
502,0.242,5.89,2025-02-20T11:00,2025-02-20T11:30,2025-02-20T11:00,73,17.666
503,0.303,7.38,2025-02-20T11:30,2025-02-20T12:00,2025-02-20T11:30,89,26.967
504,0.175,4.26,2025-02-20T12:00,2025-02-20T12:30,2025-02-20T12:00,80,14.0
505,0.593,14.44,2025-02-20T12:30,2025-02-20T13:00,2025-02-20T12:30,74,43.882
506,0.302,7.36,2025-02-20T13:00,2025-02-20T13:30,2025-02-20T13:00,70,21.14
507,0.62,15.1,2025-02-20T13:30,2025-02-20T14:00,2025-02-20T13:30,70,43.4
508,0.343,8.35,2025-02-20T14:00,2025-02-20T14:30,2025-02-20T14:00,73,25.039
509,0.227,5.53,2025-02-20T14:30,2025-02-20T15:00,2025-02-20T14:30,70,15.89
510,0.813,19.8,2025-02-20T15:00,2025-02-20T15:30,2025-02-20T15:00,41,33.333
511,0.146,3.56,2025-02-20T15:30,2025-02-20T16:00,2025-02-20T15:30,49,7.154
512,0.19,4.63,2025-02-20T16:00,2025-02-20T16:30,2025-02-20T16:00,66,12.540000000000001
513,0.188,4.58,2025-02-20T16:30,2025-02-20T17:00,2025-02-20T16:30,69,12.972
514,0.718,17.49,2025-02-20T17:00,2025-02-20T17:30,2025-02-20T17:00,100,71.8
515,1.759,42.84,2025-02-20T17:30,2025-02-20T18:00,2025-02-20T17:30,105,184.695
516,1.672,40.72,2025-02-20T18:00,2025-02-20T18:30,2025-02-20T18:00,116,193.952
517,1.873,45.62,2025-02-20T18:30,2025-02-20T19:00,2025-02-20T18:30,115,215.395
518,1.517,36.95,2025-02-20T19:00,2025-02-20T19:30,2025-02-20T19:00,114,172.938
519,1.426,34.73,2025-02-20T19:30,2025-02-20T20:00,2025-02-20T19:30,112,159.712
520,1.469,35.78,2025-02-20T20:00,2025-02-20T20:30,2025-02-20T20:00,114,167.466
521,1.324,32.25,2025-02-20T20:30,2025-02-20T21:00,2025-02-20T20:30,109,144.316
522,1.658,40.38,2025-02-20T21:00,2025-02-20T21:30,2025-02-20T21:00,109,180.72199999999998
523,1.333,32.47,2025-02-20T21:30,2025-02-20T22:00,2025-02-20T21:30,106,141.298
524,1.323,32.22,2025-02-20T22:00,2025-02-20T22:30,2025-02-20T22:00,86,113.77799999999999
525,1.279,31.15,2025-02-20T22:30,2025-02-20T23:00,2025-02-20T22:30,83,106.157
526,1.254,30.54,2025-02-20T23:00,2025-02-20T23:30,2025-02-20T23:00,42,52.668
527,0.066,1.61,2025-02-20T23:30,2025-02-21T00:00,2025-02-20T23:30,44,2.904
528,0.069,0.460023,2025-02-21T00:00,2025-02-21T00:30,2025-02-21T00:00,57,3.9330000000000003
529,0.063,0.420021,2025-02-21T00:30,2025-02-21T01:00,2025-02-21T00:30,59,3.717
530,0.069,0.460023,2025-02-21T01:00,2025-02-21T01:30,2025-02-21T01:00,61,4.2090000000000005
531,0.068,0.453356,2025-02-21T01:30,2025-02-21T02:00,2025-02-21T01:30,60,4.08
532,0.062,0.413354,2025-02-21T02:00,2025-02-21T02:30,2025-02-21T02:00,63,3.906
533,0.077,0.513359,2025-02-21T02:30,2025-02-21T03:00,2025-02-21T02:30,61,4.697
534,0.096,0.640032,2025-02-21T03:00,2025-02-21T03:30,2025-02-21T03:00,62,5.952
535,0.121,0.806707,2025-02-21T03:30,2025-02-21T04:00,2025-02-21T03:30,62,7.502
536,0.051,0.340017,2025-02-21T04:00,2025-02-21T04:30,2025-02-21T04:00,66,3.3659999999999997
537,0.075,0.500025,2025-02-21T04:30,2025-02-21T05:00,2025-02-21T04:30,58,4.35
538,0.053,0.353351,2025-02-21T05:00,2025-02-21T05:30,2025-02-21T05:00,53,2.8089999999999997
539,0.077,1.9875163,2025-02-21T05:30,2025-02-21T06:00,2025-02-21T05:30,59,4.543
540,0.117,3.0199923,2025-02-21T06:00,2025-02-21T06:30,2025-02-21T06:00,60,7.0200000000000005
541,0.066,1.7035854,2025-02-21T06:30,2025-02-21T07:00,2025-02-21T06:30,72,4.752000000000001
542,0.064,1.6519616,2025-02-21T07:00,2025-02-21T07:30,2025-02-21T07:00,67,4.288
543,0.069,1.7810211,2025-02-21T07:30,2025-02-21T08:00,2025-02-21T07:30,62,4.2780000000000005
544,0.08,2.064952,2025-02-21T08:00,2025-02-21T08:30,2025-02-21T08:00,58,4.64
545,0.259,6.6852821,2025-02-21T08:30,2025-02-21T09:00,2025-02-21T08:30,59,15.281
546,0.182,4.6977658,2025-02-21T09:00,2025-02-21T09:30,2025-02-21T09:00,78,14.196
547,0.259,6.6852821,2025-02-21T09:30,2025-02-21T10:00,2025-02-21T09:30,78,20.202
548,0.31,8.001689,2025-02-21T10:00,2025-02-21T10:30,2025-02-21T10:00,63,19.53
549,0.179,4.6203301,2025-02-21T10:30,2025-02-21T11:00,2025-02-21T10:30,61,10.918999999999999
550,0.265,6.8401535,2025-02-21T11:00,2025-02-21T11:30,2025-02-21T11:00,89,23.585
551,0.175,4.5170825,2025-02-21T11:30,2025-02-21T12:00,2025-02-21T11:30,89,15.575
552,0.277,7.1498963,2025-02-21T12:00,2025-02-21T12:30,2025-02-21T12:00,96,26.592000000000002
553,0.159,4.1040921,2025-02-21T12:30,2025-02-21T13:00,2025-02-21T12:30,96,15.264
554,0.194,5.0075086,2025-02-21T13:00,2025-02-21T13:30,2025-02-21T13:00,78,15.132
555,0.211,5.4463109,2025-02-21T13:30,2025-02-21T14:00,2025-02-21T13:30,72,15.192
556,0.178,4.5945182,2025-02-21T14:00,2025-02-21T14:30,2025-02-21T14:00,39,6.941999999999999
557,0.143,3.6911017,2025-02-21T14:30,2025-02-21T15:00,2025-02-21T14:30,44,6.292
558,0.148,3.8201612,2025-02-21T15:00,2025-02-21T15:30,2025-02-21T15:00,50,7.3999999999999995
559,0.176,4.5428944,2025-02-21T15:30,2025-02-21T16:00,2025-02-21T15:30,47,8.272
560,0.185,4.7752015,2025-02-21T16:00,2025-02-21T16:30,2025-02-21T16:00,39,7.215
561,0.173,4.4654587,2025-02-21T16:30,2025-02-21T17:00,2025-02-21T16:30,34,5.882
562,0.176,4.5428944,2025-02-21T17:00,2025-02-21T17:30,2025-02-21T17:00,59,10.383999999999999
563,0.176,4.5428944,2025-02-21T17:30,2025-02-21T18:00,2025-02-21T17:30,65,11.44
564,0.361,9.3180959,2025-02-21T18:00,2025-02-21T18:30,2025-02-21T18:00,80,28.88
565,0.694,17.9134586,2025-02-21T18:30,2025-02-21T19:00,2025-02-21T18:30,102,70.788
566,0.316,8.1565604,2025-02-21T19:00,2025-02-21T19:30,2025-02-21T19:00,89,28.124
567,0.148,3.8201612,2025-02-21T19:30,2025-02-21T20:00,2025-02-21T19:30,85,12.58
568,0.186,4.8010134,2025-02-21T20:00,2025-02-21T20:30,2025-02-21T20:00,70,13.02
569,0.104,2.6844376,2025-02-21T20:30,2025-02-21T21:00,2025-02-21T20:30,67,6.968
570,0.099,2.5553781,2025-02-21T21:00,2025-02-21T21:30,2025-02-21T21:00,44,4.356
571,0.138,3.5620422,2025-02-21T21:30,2025-02-21T22:00,2025-02-21T21:30,43,5.934
572,0.092,2.3746948,2025-02-21T22:00,2025-02-21T22:30,2025-02-21T22:00,36,3.312
573,0.126,3.2522994,2025-02-21T22:30,2025-02-21T23:00,2025-02-21T22:30,36,4.536
574,0.078,2.0133282,2025-02-21T23:00,2025-02-21T23:30,2025-02-21T23:00,43,3.354
575,0.105,0.700035,2025-02-21T23:30,2025-02-22T00:00,2025-02-21T23:30,43,4.515
576,0.072,0.480024,2025-02-22T00:00,2025-02-22T00:30,2025-02-22T00:00,16,1.152
577,0.097,0.646699,2025-02-22T00:30,2025-02-22T01:00,2025-02-22T00:30,20,1.94
578,0.077,0.513359,2025-02-22T01:00,2025-02-22T01:30,2025-02-22T01:00,32,2.464
579,0.083,0.553361,2025-02-22T01:30,2025-02-22T02:00,2025-02-22T01:30,32,2.656
580,0.091,0.606697,2025-02-22T02:00,2025-02-22T02:30,2025-02-22T02:00,45,4.095
581,0.074,0.493358,2025-02-22T02:30,2025-02-22T03:00,2025-02-22T02:30,40,2.96
582,0.139,0.926713,2025-02-22T03:00,2025-02-22T03:30,2025-02-22T03:00,42,5.838000000000001
583,0.104,0.693368,2025-02-22T03:30,2025-02-22T04:00,2025-02-22T03:30,46,4.784
584,0.093,0.620031,2025-02-22T04:00,2025-02-22T04:30,2025-02-22T04:00,46,4.278
585,0.076,0.506692,2025-02-22T04:30,2025-02-22T05:00,2025-02-22T04:30,47,3.572
586,0.083,0.553361,2025-02-22T05:00,2025-02-22T05:30,2025-02-22T05:00,51,4.2330000000000005
587,0.077,1.9875163,2025-02-22T05:30,2025-02-22T06:00,2025-02-22T05:30,49,3.773
588,0.082,2.1165758,2025-02-22T06:00,2025-02-22T06:30,2025-02-22T06:00,73,5.986000000000001
589,0.075,1.9358925,2025-02-22T06:30,2025-02-22T07:00,2025-02-22T06:30,83,6.225
590,0.148,3.8201612,2025-02-22T07:00,2025-02-22T07:30,2025-02-22T07:00,155,22.939999999999998
591,0.088,2.2714472,2025-02-22T07:30,2025-02-22T08:00,2025-02-22T07:30,167,14.696
592,0.161,4.1557159,2025-02-22T08:00,2025-02-22T08:30,2025-02-22T08:00,181,29.141000000000002
593,0.099,2.5553781,2025-02-22T08:30,2025-02-22T09:00,2025-02-22T08:30,176,17.424
594,0.093,2.4005067,2025-02-22T09:00,2025-02-22T09:30,2025-02-22T09:00,152,14.136
595,0.117,3.0199923,2025-02-22T09:30,2025-02-22T10:00,2025-02-22T09:30,152,17.784000000000002
596,0.126,3.2522994,2025-02-22T10:00,2025-02-22T10:30,2025-02-22T10:00,125,15.75
597,0.247,6.3755393,2025-02-22T10:30,2025-02-22T11:00,2025-02-22T10:30,116,28.652
598,0.232,5.9883608,2025-02-22T11:00,2025-02-22T11:30,2025-02-22T11:00,77,17.864
599,0.194,5.0075086,2025-02-22T11:30,2025-02-22T12:00,2025-02-22T11:30,78,15.132
600,0.704,18.1715776,2025-02-22T12:00,2025-02-22T12:30,2025-02-22T12:00,96,67.584
601,0.184,4.7493896,2025-02-22T12:30,2025-02-22T13:00,2025-02-22T12:30,93,17.112
602,0.152,3.9234088,2025-02-22T13:00,2025-02-22T13:30,2025-02-22T13:00,111,16.872
603,0.177,4.5687063,2025-02-22T13:30,2025-02-22T14:00,2025-02-22T13:30,98,17.346
604,0.161,4.1557159,2025-02-22T14:00,2025-02-22T14:30,2025-02-22T14:00,42,6.7620000000000005
605,0.181,4.6719539,2025-02-22T14:30,2025-02-22T15:00,2025-02-22T14:30,45,8.145
606,0.143,3.6911017,2025-02-22T15:00,2025-02-22T15:30,2025-02-22T15:00,41,5.8629999999999995
607,0.119,3.0716161,2025-02-22T15:30,2025-02-22T16:00,2025-02-22T15:30,51,6.069
608,0.111,2.8651209,2025-02-22T16:00,2025-02-22T16:30,2025-02-22T16:00,66,7.3260000000000005
609,0.092,2.3746948,2025-02-22T16:30,2025-02-22T17:00,2025-02-22T16:30,76,6.992
610,0.553,14.2739807,2025-02-22T17:00,2025-02-22T17:30,2025-02-22T17:00,116,64.14800000000001
611,1.115,7.433705,2025-02-22T17:30,2025-02-22T18:00,2025-02-22T17:30,120,133.8
612,1.088,28.0833472,2025-02-22T18:00,2025-02-22T18:30,2025-02-22T18:00,122,132.73600000000002
613,0.248,6.4013512,2025-02-22T18:30,2025-02-22T19:00,2025-02-22T18:30,110,27.28
614,0.151,3.8975969,2025-02-22T19:00,2025-02-22T19:30,2025-02-22T19:00,102,15.402
615,0.21,5.420499,2025-02-22T19:30,2025-02-22T20:00,2025-02-22T19:30,101,21.21
616,0.173,4.4654587,2025-02-22T20:00,2025-02-22T20:30,2025-02-22T20:00,115,19.895
617,0.196,5.0591324,2025-02-22T20:30,2025-02-22T21:00,2025-02-22T20:30,110,21.560000000000002
618,0.15,3.871785,2025-02-22T21:00,2025-02-22T21:30,2025-02-22T21:00,103,15.45
619,0.16,4.129904,2025-02-22T21:30,2025-02-22T22:00,2025-02-22T21:30,100,16.0
620,0.144,3.7169136,2025-02-22T22:00,2025-02-22T22:30,2025-02-22T22:00,81,11.664
621,0.141,3.6394779,2025-02-22T22:30,2025-02-22T23:00,2025-02-22T22:30,69,9.729
622,0.071,1.8326449,2025-02-22T23:00,2025-02-22T23:30,2025-02-22T23:00,37,2.627
623,0.078,0.520026,2025-02-22T23:30,2025-02-23T00:00,2025-02-22T23:30,32,2.496
